time,id,temperature,humidity,luminosity,gnd_temperature,gnd_humidity,batterie
1706002761.233034,01,17.49,51.71,41.54,19.49,0.09,2.92
1706002797.528318,01,17.64,55.95,19.25,20.27,0.27,2.93
1706002811.6789172,03,16.54,39.28,37.92,19.14,0.0,3.1
1706002956.2287319,03,16.54,38.67,38.31,19.14,0.0,3.09
1706002960.195735,03,16.54,38.67,38.31,19.14,0.0,3.09
1706003028.583298,03,16.56,39.02,35.48,19.14,0.0,3.09
1706003050.333172,01,17.78,53.47,32.06,19.31,0.02,2.91
1706003064.855458,03,16.54,38.65,34.11,19.14,0.0,3.09
1706003086.5173702,01,17.84,54.64,32.74,19.31,0.0,2.9
1706003101.037823,03,16.54,38.93,34.21,19.14,0.0,3.09
1706014473.6826394,01,25.43,33.44,100.0,23.71,0.0,2.95
1706014479.0572395,07,28.84,19.6,100.0,28.83,0.0,3.2
1706014487.6826956,03,30.06,16.19,100.0,25.31,0.0,3.09
1706015456.0434687,07,28.35,18.98,100.0,25.13,0.0,3.22
1706015464.8527625,03,31.56,26.77,100.0,32.58,0.0,3.09
1706015492.438595,07,28.61,30.79,100.0,27.65,0.0,3.2
1706015501.1230876,03,31.82,27.42,100.0,32.77,0.0,3.08
1706015528.394671,07,28.87,31.2,100.0,31.25,0.0,3.2
1706015537.3111696,03,32.0,27.13,100.0,32.77,0.0,3.08
1706015565.8659458,07,29.21,31.57,100.0,33.54,0.0,3.22
1706015573.3188145,03,32.04,27.12,100.0,33.93,0.0,3.08
1706015601.3588898,07,29.64,32.85,100.0,34.12,0.0,3.21
1706015609.4544256,03,32.26,30.04,100.0,33.25,0.0,3.08
1706015630.851775,08,27.8,26.78,100.0,18.99,0.0,3.12
1706015637.0498233,07,30.01,34.71,100.0,35.6,0.0,3.22
1706015645.6711507,03,32.38,29.66,100.0,34.22,0.0,3.07
1706015673.128878,07,30.72,35.84,100.0,34.81,0.0,3.21
1706015682.3550925,03,32.75,32.09,100.0,33.64,0.0,3.09
1706015709.352867,07,31.11,37.42,100.0,35.5,0.0,3.21
1706015718.0373087,03,32.81,32.66,100.0,33.64,0.0,3.09
1706015745.665484,07,31.36,35.79,100.0,35.7,0.0,3.22
1706015754.4697745,03,32.82,32.22,100.0,33.44,0.0,3.09
1706015781.7088315,07,31.5,40.65,100.0,35.11,0.0,3.22
1706015790.6468751,03,32.77,35.77,100.0,32.1,0.0,3.08
1706015817.9678395,07,31.72,40.46,100.0,35.01,0.0,3.21
1706015826.5802536,03,32.97,36.52,100.0,32.01,0.0,3.09
1706015854.0499446,07,31.88,40.37,100.0,34.71,0.0,3.22
1706015862.856289,03,33.05,36.73,100.0,32.1,0.0,3.1
1706015890.4753613,07,32.0,39.62,100.0,34.52,0.0,3.2
1706015898.9611986,03,33.05,36.64,100.0,32.2,0.0,3.09
1706015926.4417605,07,32.0,40.59,100.0,34.42,0.0,3.22
1706015935.1496563,03,33.04,36.75,100.0,32.48,0.0,3.09
1706015937.0834336,08,29.07,26.74,100.0,17.89,0.0,3.11
1706015941.3101177,01,32.85,23.24,100.0,25.84,0.0,2.96
1706015962.7503417,07,32.36,40.1,100.0,34.32,0.0,3.21
1706015972.6186945,03,33.18,36.95,100.0,32.39,0.0,3.08
1706015977.5034711,01,29.65,25.92,100.0,24.42,0.0,2.97
1706015998.8224647,07,32.49,40.47,100.0,34.32,0.0,3.22
1706016007.5482533,03,33.09,37.74,100.0,32.48,0.0,3.09
1706016013.6768103,01,28.48,27.07,100.0,24.06,0.0,2.97
1706016034.9800787,07,32.84,39.71,100.0,33.64,0.0,3.21
1706016043.7608616,03,33.22,38.74,100.0,32.1,0.0,3.08
1706016050.0633733,01,27.18,28.38,100.0,23.88,0.0,2.97
1706016071.2962391,07,33.14,41.87,100.0,33.44,0.0,3.22
1706016079.8732007,03,33.3,39.85,100.0,31.91,0.0,3.09
1706016085.9881666,01,26.81,29.09,100.0,23.62,0.0,2.97
1706016107.3075085,07,33.25,42.15,100.0,33.06,0.0,3.21
1706016115.9925723,03,33.34,39.57,100.0,31.25,0.0,3.09
1706016122.2699797,01,26.4,30.19,100.0,23.44,0.0,2.97
1706016143.5953195,07,33.15,39.52,100.0,32.77,0.0,3.22
1706016152.6885996,03,33.17,39.51,100.0,31.06,0.0,3.09
1706016158.4544518,01,26.18,30.86,100.0,23.44,0.0,2.97
1706016179.6838791,07,33.21,41.48,100.0,32.39,0.0,3.22
1706016188.6455286,03,33.22,40.88,100.0,30.78,0.0,3.09
1706016194.6982253,01,26.03,32.9,100.0,23.18,0.0,2.98
1706016216.2851713,07,33.14,41.88,100.0,32.29,0.0,3.22
1706016224.863606,03,33.12,41.57,100.0,30.87,0.0,3.09
1706016230.8604305,01,25.59,31.41,100.0,22.82,0.0,2.96
1706016243.3153806,08,27.52,27.97,100.0,17.17,0.0,3.11
1706016252.083931,07,33.06,41.88,100.0,32.39,0.0,3.22
1706016261.4876204,03,33.01,40.47,100.0,30.78,0.0,3.09
1706016266.9581122,01,25.44,31.51,100.0,23.0,0.0,2.97
1706016288.2265048,07,33.03,42.5,100.0,32.2,0.0,3.22
1706016297.0844436,03,32.84,42.3,100.0,30.69,0.0,3.08
1706016303.165355,01,25.83,33.15,100.0,23.88,0.0,2.97
1706016324.6128616,07,32.87,42.64,100.0,31.91,0.0,3.21
1706016333.1080122,03,32.96,41.3,100.0,30.59,0.0,3.09
1706016339.4106765,01,27.16,32.13,100.0,25.04,0.0,2.97
1706016360.7991953,07,32.94,39.17,100.0,32.29,0.0,3.21
1706016369.4527671,03,33.05,38.07,100.0,30.5,0.0,3.09
1706016375.5594382,01,27.31,29.09,100.0,26.11,0.0,2.96
1706016396.9926727,07,32.97,40.23,100.0,32.39,0.0,3.22
1706016405.545162,03,33.07,39.62,100.0,30.78,0.0,3.09
1706016412.1211758,01,27.17,29.65,100.0,26.83,0.0,2.98
1706016433.0443156,07,33.17,40.86,100.0,32.58,0.0,3.22
1706016441.7960465,03,33.23,40.31,100.0,30.87,0.0,3.09
1706016447.9308233,01,27.56,29.69,100.0,28.19,0.0,2.98
1706016469.6450906,07,33.26,40.03,100.0,32.67,0.0,3.22
1706016478.0324953,03,33.26,39.93,100.0,31.06,0.0,3.08
1706016484.0444498,01,28.04,29.16,100.0,28.93,0.0,2.98
1706016505.4983099,07,33.45,40.88,100.0,32.58,0.0,3.21
1706016514.216132,03,33.34,40.03,100.0,30.87,0.0,3.09
1706016520.3886943,01,28.38,28.91,100.0,30.69,0.0,2.98
1706016541.6945362,07,33.42,40.58,100.0,32.48,0.0,3.22
1706016549.5469794,08,30.08,27.63,100.0,16.94,0.0,3.11
1706016551.7422657,03,33.52,39.41,100.0,30.5,0.0,3.09
1706016556.6275246,01,28.7,28.32,100.0,31.91,0.0,2.98
1706016592.6479821,01,28.86,27.52,100.0,32.39,0.0,2.99
1706016614.0441127,07,32.56,42.03,100.0,31.44,0.0,3.21
1706016622.6564233,03,33.06,37.58,100.0,29.48,0.0,3.09
1706016628.9195821,01,28.61,26.84,100.0,31.82,0.0,2.99
1706016650.216996,07,32.72,39.44,100.0,24.06,16.5,3.22
1706016659.3735378,03,33.2,40.51,100.0,29.2,0.0,3.09
1706016665.0426514,01,28.27,27.32,100.0,31.44,0.0,2.99
1706016701.2599862,01,27.79,28.24,100.0,30.69,0.0,2.98
1706016737.649559,01,27.37,27.9,100.0,30.5,0.0,2.99
1706016759.3065114,07,32.7,41.06,100.0,23.71,16.11,3.21
1706016768.708958,03,32.48,40.12,100.0,22.21,6.83,3.09
1706016773.8019838,01,27.86,64.58,100.0,30.22,0.0,2.99
1706016794.8726048,07,32.55,43.61,100.0,23.71,15.99,3.22
1706016803.6227746,03,32.37,39.53,100.0,22.12,7.09,3.09
1706016809.8181074,01,28.34,69.49,100.0,30.22,0.0,2.99
1706016831.0595205,07,32.58,41.47,100.0,23.62,15.95,3.22
1706016841.6100338,03,32.28,38.53,100.0,22.12,7.38,3.09
1706016845.9750776,01,28.84,75.88,100.0,29.76,0.0,2.99
1706016855.7291787,08,31.43,59.21,100.0,18.99,0.0,3.11
1706016867.187568,07,32.51,42.81,100.0,23.71,15.82,3.2
1706016876.9072773,03,32.13,39.71,100.0,22.03,7.23,3.09
1706016882.2262223,01,29.99,66.67,100.0,29.57,0.0,2.99
1706016903.5958931,07,32.46,44.38,100.0,23.71,15.78,3.22
1706016913.770288,03,31.99,40.59,100.0,22.03,7.23,3.09
1706016918.3951807,01,31.42,73.49,100.0,30.22,0.0,2.99
1706016939.6212687,07,32.42,47.19,100.0,23.71,15.54,3.21
1706016948.3143146,03,31.88,42.54,100.0,21.94,7.43,3.09
1706016954.7539284,01,32.26,69.85,100.0,30.78,0.0,2.98
1706016976.1355603,07,32.36,48.97,100.0,23.71,15.61,3.22
1706016984.8046472,03,31.72,43.08,100.0,21.94,7.43,3.09
1706016990.6792026,01,32.27,61.53,100.0,30.31,0.0,2.98
1706017012.045805,07,32.3,46.59,100.0,23.62,15.78,3.22
1706017020.890438,03,31.57,45.33,100.0,21.94,7.32,3.1
1706017026.8006027,01,32.14,63.0,100.0,31.25,0.0,2.99
1706017048.147217,07,32.22,48.26,100.0,23.71,15.65,3.22
1706017057.0903723,03,31.4,41.97,100.0,21.85,7.43,3.09
1706017063.0526114,01,32.13,61.25,100.0,31.63,0.0,2.99
1706017084.708883,07,32.07,44.44,100.0,23.62,15.43,3.22
1706017093.0264013,03,31.24,41.03,100.0,21.85,7.43,3.09
1706017099.384437,01,32.15,58.71,100.0,31.72,0.0,2.99
1706017120.790408,07,32.0,41.9,100.0,23.62,15.39,3.21
1706017129.2849903,03,31.06,39.7,100.0,21.85,7.54,3.09
1706017135.499432,01,32.27,60.29,100.0,31.72,0.0,2.99
1706017157.327069,07,31.84,43.63,100.0,23.62,15.27,3.21
1706017162.0064795,08,32.73,56.27,100.0,17.54,0.0,3.11
1706017165.5151563,03,30.93,39.96,100.0,21.85,7.54,3.1
1706017171.6848555,01,32.31,58.3,100.0,31.53,0.0,2.99
1706017192.9179413,07,31.67,45.25,100.0,23.62,15.27,3.22
1706017201.740065,03,30.74,41.72,100.0,21.77,7.61,3.09
1706017207.7805293,01,32.27,59.36,100.0,31.34,0.0,2.99
1706017229.099949,07,31.58,50.01,100.0,23.62,15.16,3.22
1706017238.5064316,03,30.66,44.22,100.0,21.77,7.58,3.1
1706017243.9544618,01,32.45,58.2,100.0,31.72,0.0,2.99
1706017265.2429142,07,31.48,49.2,100.0,23.71,14.98,3.22
1706017274.6744792,03,30.53,45.72,100.0,21.77,7.58,3.09
1706017280.1817434,01,32.42,57.82,100.0,31.91,0.0,2.99
1706017301.6813688,07,31.39,50.32,100.0,23.62,15.09,3.22
1706017310.3829212,03,30.48,45.8,100.0,21.77,7.61,3.1
1706017316.630316,01,32.15,59.68,100.0,31.25,0.0,2.99
1706017337.6849005,07,31.3,49.11,100.0,23.62,14.86,3.21
1706017346.3464656,03,30.37,46.84,100.0,21.77,7.5,3.09
1706017352.5543313,01,32.01,59.88,100.0,31.25,0.0,2.99
1706017373.9050694,07,31.23,46.6,100.0,23.62,14.75,3.22
1706017382.641513,03,30.4,45.42,100.0,21.68,7.43,3.1
1706017388.6436794,01,32.25,59.05,100.0,30.59,0.0,2.96
1706017409.9573452,07,31.11,48.92,100.0,23.62,14.82,3.21
1706017418.8415053,03,30.41,44.62,100.0,21.77,7.53,3.1
1706017424.859779,01,32.17,60.01,100.0,30.41,0.0,2.97
1706017446.1719434,07,31.04,50.33,100.0,23.62,14.71,3.21
1706017455.4630532,03,30.4,46.46,100.0,21.68,7.69,3.1
1706017461.113733,01,32.25,59.97,100.0,30.22,0.0,2.97
1706017468.0811439,08,32.74,60.59,100.0,18.99,0.0,3.11
1706017482.3785954,07,30.93,50.73,100.0,23.71,14.71,3.21
1706017492.4610136,03,30.38,44.04,100.0,21.68,7.58,3.1
1706017497.2558618,01,32.08,60.45,100.0,30.13,0.0,2.97
1706017518.8127062,07,30.71,44.92,100.0,23.62,14.72,3.22
1706017527.4470086,03,30.32,42.02,100.0,21.68,7.54,3.1
1706017533.5094519,01,31.61,59.1,100.0,30.22,0.0,2.98
1706017554.8834157,07,30.61,45.67,100.0,23.62,14.47,3.2
1706017564.7798533,03,30.29,42.21,100.0,21.68,7.43,3.09
1706017569.5964496,01,31.5,59.45,100.0,30.03,0.0,2.97
1706017591.1133223,07,30.52,47.29,100.0,23.62,14.49,3.21
1706017601.3799546,03,30.26,43.61,100.0,21.68,7.5,3.1
1706017605.8224113,01,31.4,57.43,100.0,29.85,0.0,2.97
1706017627.1691864,07,30.4,48.4,100.0,23.71,14.3,3.22
1706017636.555812,03,30.24,44.41,100.0,21.68,7.43,3.09
1706017642.009087,01,31.31,58.57,100.0,29.85,0.0,2.97
1706017663.2829921,07,30.26,48.22,100.0,23.62,14.08,3.22
1706017672.4483633,03,30.28,44.91,100.0,21.68,7.61,3.09
1706017678.1841676,01,31.34,60.09,100.0,29.94,0.0,2.96
1706017699.5757668,07,30.15,50.93,100.0,23.62,14.54,3.21
1706017708.2951584,03,30.27,46.56,100.0,21.68,7.24,3.09
1706017716.7915251,01,31.44,59.9,100.0,29.85,0.0,2.97
1706017880.447157,07,29.9,53.12,100.0,23.62,13.96,3.21
1706017889.1202347,03,30.56,46.26,100.0,21.68,7.36,3.1
1706017895.401599,01,32.14,55.4,100.0,30.5,0.0,2.98
1706017916.738296,07,29.81,50.35,100.0,23.53,13.91,3.21
1706017925.2544265,03,30.62,44.84,100.0,21.77,7.32,3.09
1706017932.7832,01,32.65,56.5,100.0,30.78,0.0,2.98
1706017952.799589,07,29.82,53.76,100.0,23.71,14.04,3.21
1706017961.6158805,03,30.66,46.95,100.0,21.68,7.16,3.09
1706017967.59328,01,32.66,57.16,100.0,30.87,0.0,2.98
1706017989.169177,07,29.74,51.14,100.0,23.53,13.96,3.21
1706017997.9982579,03,30.72,44.12,100.0,21.68,7.36,3.09
1706018003.8144832,01,32.97,55.98,100.0,31.16,0.0,2.98
1706018025.7894094,07,29.7,51.42,100.0,23.62,13.74,3.22
1706018033.903476,03,30.77,43.79,100.0,21.77,7.38,3.1
1706018039.969572,01,33.07,54.7,100.0,31.63,0.0,2.98
1706018061.6393986,07,29.65,49.6,100.0,23.62,13.59,3.21
1706018070.1106472,03,30.86,42.01,100.0,21.77,7.24,3.1
1706018076.327282,01,32.97,52.96,100.0,31.82,0.0,2.98
1706018080.599603,08,32.49,56.15,100.0,17.36,0.0,3.12
1706018097.4975495,07,29.49,47.52,100.0,23.62,13.51,3.21
1706018106.3409884,03,30.89,42.83,100.0,21.77,7.42,3.1
1706018112.3869243,01,33.05,54.98,100.0,32.1,0.0,2.98
1706018133.869818,07,29.43,48.49,100.0,23.62,13.64,3.22
1706018143.160381,03,30.94,41.85,100.0,21.77,7.47,3.09
1706018148.7489073,01,33.02,54.02,100.0,32.29,0.0,2.99
1706018170.027971,07,29.41,47.42,100.0,23.62,13.51,3.21
1706018178.6613104,03,30.94,41.9,100.0,21.85,7.27,3.09
1706018184.8214447,01,33.08,52.46,100.0,32.2,0.0,2.98
1706018215.5002036,03,30.95,41.9,100.0,21.77,7.39,3.1
1706018221.1421845,01,32.09,55.76,100.0,30.69,0.0,2.98
1706018243.6655338,07,29.3,50.46,100.0,23.53,13.35,3.21
1706018250.963555,03,30.98,42.0,100.0,21.77,7.31,3.1
1706018257.1097424,01,32.27,55.4,100.0,30.59,0.0,2.97
1706018278.5032594,07,29.24,50.25,100.0,23.62,13.4,3.21
1706018287.5985513,03,31.01,44.3,100.0,21.77,7.24,3.1
1706018293.4803643,01,32.81,54.56,100.0,31.53,0.0,2.97
1706018315.0154104,07,29.2,54.49,100.0,23.62,13.47,3.21
1706018323.4839642,03,31.06,46.79,100.0,21.77,7.09,3.09
1706018329.6428452,01,33.13,54.71,100.0,31.72,0.0,2.97
1706018351.355328,07,29.16,56.8,100.0,23.62,13.6,3.21
1706018360.0654132,03,31.09,44.21,100.0,21.85,7.04,3.09
1706018365.791882,01,33.4,53.42,100.0,31.72,0.0,2.97
1706018386.7024257,08,33.07,55.9,100.0,17.54,0.0,3.11
1706018387.195481,07,29.12,52.81,100.0,23.53,13.47,3.21
1706018396.3596966,03,31.14,43.68,100.0,21.85,7.39,3.11
1706018401.8605125,01,33.43,53.33,100.0,32.1,0.0,2.98
1706018423.1710343,07,29.07,52.56,100.0,23.62,13.36,3.21
1706018432.3356555,03,31.2,41.37,100.0,21.85,7.13,3.09
1706018438.0546823,01,33.36,53.41,100.0,32.29,0.0,2.98
1706018459.3567984,07,29.03,51.43,100.0,23.53,13.35,3.2
1706018468.524199,03,31.15,41.34,100.0,21.85,7.16,3.09
1706018474.3613753,01,33.39,52.3,100.0,32.29,0.0,2.98
1706018495.9191458,07,29.0,49.61,100.0,23.53,13.18,3.21
1706018504.3239782,03,31.2,42.04,100.0,21.85,7.21,3.1
1706018510.480663,01,33.46,52.39,100.0,32.48,0.0,2.98
1706018531.9490838,07,28.97,53.72,100.0,23.53,13.06,3.22
1706018542.0452213,03,31.22,40.87,100.0,21.94,7.21,3.1
1706018546.9618468,01,33.28,52.98,100.0,31.63,0.0,2.98
1706018567.8895504,07,28.93,51.26,100.0,23.53,13.14,3.21
1706018576.6285362,03,31.23,42.45,100.0,21.85,7.16,3.09
1706018582.793601,01,33.56,52.94,100.0,30.69,0.0,2.98
1706018604.3690941,07,28.88,54.88,100.0,23.53,13.14,3.22
1706018613.997289,03,31.26,44.34,100.0,21.94,7.38,3.09
1706018618.9144096,01,32.65,54.53,100.0,30.13,0.0,2.99
1706018640.8504782,07,28.86,56.29,100.0,23.53,13.06,3.2
1706018649.351466,03,31.28,45.71,100.0,21.94,7.5,3.09
1706018655.2348878,01,32.25,56.82,100.0,29.48,0.0,2.99
1706018676.4461164,07,28.81,54.97,100.0,23.53,13.02,3.22
1706018685.6282773,03,31.27,42.78,100.0,21.94,7.38,3.1
1706018691.337599,01,32.8,56.07,100.0,29.94,0.0,2.98
1706018693.5347722,08,31.72,27.69,100.0,18.25,0.0,3.1
1706018712.7786014,07,28.77,55.41,100.0,23.53,12.94,3.21
1706018723.0430017,03,31.25,42.02,100.0,21.94,7.38,3.09
1706018727.5529404,01,33.01,54.69,100.0,30.22,0.0,2.99
1706018748.8492951,07,28.72,47.66,100.0,23.53,12.95,3.22
1706018757.8406882,03,31.18,40.1,100.0,22.03,7.53,3.09
1706018763.8306,01,33.14,52.0,100.0,30.22,0.0,2.98
1706018785.0361884,07,28.7,51.33,100.0,23.53,13.06,3.21
1706018789.5651066,07,28.7,51.33,100.0,23.53,13.06,3.21
1706018794.3394606,03,31.11,40.07,100.0,22.03,7.58,3.1
1706018799.9263172,01,33.21,52.2,100.0,30.31,0.0,2.98
1706018821.176077,07,28.64,51.01,100.0,23.53,13.02,3.22
1706018830.592392,03,31.0,39.12,100.0,22.03,7.5,3.09
1706018836.2406712,01,33.21,52.95,100.0,30.5,0.0,2.99
1706018857.3370965,07,28.58,50.16,100.0,23.53,12.78,3.21
1706018866.3243449,03,30.91,40.85,100.0,21.94,7.61,3.1
1706018872.309119,01,33.36,52.52,100.0,30.5,0.0,2.99
1706018893.5144532,07,28.54,50.17,100.0,23.44,12.91,3.21
1706018902.391212,03,30.79,40.01,100.0,22.03,7.47,3.09
1706018908.4401248,01,33.49,52.21,100.0,30.59,0.0,2.98
1706018930.011986,07,28.48,50.68,100.0,23.53,12.92,3.21
1706018938.404142,03,30.68,40.81,100.0,22.03,7.65,3.09
1706018944.8712256,01,33.34,51.63,100.0,30.59,0.0,2.99
1706018965.9900768,07,28.44,52.69,100.0,23.44,12.85,3.21
1706018974.6283736,03,30.58,42.18,100.0,22.03,7.65,3.1
1706018980.9362264,01,33.45,52.26,100.0,30.69,0.0,2.99
1706019002.1591074,07,28.41,56.52,100.0,23.44,12.73,3.21
1706019010.871338,03,30.43,41.73,100.0,21.94,7.61,3.09
1706019016.9967175,01,33.66,51.44,100.0,30.59,0.0,2.98
1706019038.402087,07,28.38,53.33,100.0,23.44,12.56,3.21
1706019046.972249,03,30.38,43.6,100.0,22.03,7.62,3.1
1706019053.1722627,01,33.85,50.95,100.0,30.59,0.0,2.99
1706019074.610773,07,28.33,57.47,100.0,23.44,12.67,3.21
1706019083.5137825,03,30.28,44.27,100.0,22.03,7.47,3.1
1706019089.5492082,01,33.74,51.99,100.0,30.5,0.0,2.99
1706019110.8325837,07,28.3,54.29,100.0,23.53,12.57,3.21
1706019121.6212656,03,30.16,43.21,100.0,22.03,7.65,3.1
1706019125.6095483,01,33.81,51.75,100.0,30.5,0.0,2.99
1706019146.847087,07,28.31,53.29,100.0,23.53,12.69,3.21
1706019155.958998,03,30.07,45.31,100.0,22.12,7.47,3.11
1706019162.3419595,01,33.73,50.74,100.0,30.59,0.0,2.99
1706019183.05759,07,28.32,53.65,100.0,23.44,12.69,3.22
1706019191.8936815,03,29.97,44.15,100.0,22.03,7.47,3.1
1706019198.0271184,01,33.86,50.56,100.0,30.69,0.0,2.98
1706019219.2625535,07,28.29,55.07,100.0,23.44,12.5,3.21
1706019223.1597974,07,28.29,55.07,100.0,23.44,12.5,3.21
1706019228.200451,03,29.86,44.91,100.0,22.03,7.38,3.09
1706019234.2131603,01,33.99,50.23,100.0,30.59,0.0,2.99
1706019255.4891284,07,28.26,56.43,100.0,23.35,12.33,3.2
1706019264.3433068,03,29.79,46.57,100.0,22.03,7.32,3.1
1706019270.5039723,01,34.01,50.31,100.0,30.59,0.0,2.99
1706019291.55632,07,28.22,55.24,100.0,23.44,12.35,3.22
1706019300.6743896,03,29.68,45.81,100.0,22.12,7.43,3.1
1706019306.583811,01,34.27,50.13,100.0,30.5,0.0,2.98
1706019327.7434623,07,28.11,54.55,100.0,23.44,12.22,3.21
1706019336.6933303,03,29.57,46.53,100.0,22.12,7.36,3.1
1706019342.781961,01,34.17,49.95,100.0,30.5,0.0,2.99
1706019363.9542809,07,28.06,54.13,100.0,23.44,12.45,3.2
1706019372.7544005,03,29.5,46.48,100.0,22.03,7.47,3.1
1706019378.9798434,01,34.38,47.96,100.0,30.41,0.0,2.99
1706019400.101441,07,28.01,57.03,100.0,23.44,12.22,3.21
1706019409.5721648,03,29.42,46.88,100.0,22.03,7.47,3.1
1706019415.0441818,01,34.28,50.94,100.0,30.5,0.0,2.99
1706019436.4264026,07,27.92,56.11,100.0,23.44,12.15,3.22
1706019445.5750227,03,29.33,48.37,100.0,22.12,7.58,3.1
1706019451.2810235,01,34.17,50.96,100.0,30.69,0.0,2.99
1706019472.682475,07,27.87,59.07,100.0,23.44,12.33,3.21
1706019485.940731,03,29.24,48.93,100.0,22.03,7.42,3.09
1706019487.6721463,01,32.56,50.65,100.0,29.29,0.0,2.99
1706019509.0308702,07,27.83,58.09,100.0,23.44,12.28,3.21
1706019519.5243626,03,29.17,46.43,100.0,22.03,7.65,3.09
1706019523.635462,01,31.91,53.49,100.0,27.56,0.0,2.99
1706019545.2297409,07,27.72,56.94,100.0,23.44,12.22,3.21
1706019553.7559354,03,29.14,47.51,100.0,22.12,7.32,3.11
1706019559.7517836,01,32.6,56.67,100.0,27.38,0.0,2.99
1706019581.0171344,07,27.67,58.18,100.0,23.44,12.28,3.22
1706019590.1330853,03,29.03,46.47,100.0,22.12,7.38,3.1
1706019611.7432437,08,28.59,56.69,100.0,13.07,20.18,3.11
1706019617.4470036,07,27.61,56.26,100.0,23.44,12.05,3.21
1706019627.0267713,03,28.96,46.37,100.0,22.12,7.53,3.11
1706019633.4155984,01,29.72,32.49,100.0,25.49,0.0,2.99
1706019653.82657,07,27.55,57.22,100.0,23.35,12.11,3.22
1706019662.6679223,03,28.9,48.08,100.0,22.12,7.43,3.1
1706019669.069001,01,30.44,29.3,100.0,26.02,0.0,2.98
1706019689.625363,07,27.48,58.54,100.0,23.35,12.05,3.21
1706019699.4639583,03,28.8,45.63,100.0,22.12,7.58,3.1
1706019725.8887894,07,27.42,57.35,100.0,23.35,12.16,3.21
1706019734.6118774,03,28.75,44.28,100.0,22.12,7.47,3.1
1706019762.1085532,07,27.37,54.11,100.0,23.35,12.28,3.21
1706019771.419452,03,28.67,46.55,100.0,22.12,7.53,3.1
1706019776.880715,01,26.62,64.14,100.0,24.95,14.99,2.98
1706019798.4097383,07,27.35,57.69,100.0,23.35,12.15,3.22
1706019814.3404348,01,27.53,64.76,100.0,24.95,0.0,2.98
1706019836.4791882,07,27.3,58.34,100.0,23.35,11.88,3.2
1706019843.0755723,03,28.54,45.08,100.0,22.12,7.5,3.1
1706019843.2332282,02,20.34,41.21,100.0,1.61,63.19,3.04
1706019849.5339298,01,27.75,73.18,100.0,25.66,0.0,2.98
1706019870.6280105,07,27.25,56.2,100.0,23.35,11.92,3.2
1706019882.9048393,02,20.65,38.03,100.0,0.27,63.27,3.05
1706019886.190677,01,27.75,67.04,100.0,25.93,0.0,2.97
1706019907.4571493,07,27.21,58.09,100.0,23.35,11.88,3.21
1706019915.5486789,02,20.77,68.63,100.0,0.22,63.16,3.05
1706019918.7453983,08,28.44,58.37,100.0,14.43,21.6,3.12
1706019922.8748426,01,27.93,63.1,100.0,25.84,0.0,2.97
1706019943.8983705,07,27.17,57.39,100.0,23.26,11.88,3.21
1706019951.2904072,02,21.14,92.2,100.0,0.86,62.73,3.05
1706019958.220486,01,27.68,62.39,100.0,26.11,0.0,2.97
1706019979.541784,07,27.07,52.29,100.0,23.35,11.71,3.21
1706019991.3330374,02,21.35,93.94,99.9,1.38,62.67,3.05
1706019998.7588568,01,27.38,61.11,100.0,25.58,0.0,2.97
1706020016.0094323,07,27.06,51.86,100.0,23.35,11.88,3.21
1706020023.7298882,02,21.5,99.99,43.59,1.58,62.56,3.05
1706020024.0695968,03,28.17,44.64,100.0,22.12,7.87,3.09
1706020031.09967,01,28.42,55.48,100.0,25.84,0.0,2.97
1706020051.86471,07,27.04,52.57,100.0,23.35,11.92,3.2
1706020060.0565276,02,21.73,93.01,100.0,1.69,62.39,3.05
1706020068.8827398,01,29.0,54.89,100.0,26.11,0.0,2.97
1706020088.5721836,07,26.96,52.61,100.0,23.35,11.77,3.21
1706020124.747266,07,26.94,55.64,100.0,23.26,11.77,3.21
1706020132.3829799,02,22.39,87.2,100.0,1.89,62.4,3.05
1706020160.1498249,07,26.89,55.46,100.0,23.26,11.88,3.22
1706020168.4628582,02,22.91,79.61,100.0,1.79,62.36,3.05
1706020176.1917417,01,29.11,53.92,100.0,25.31,0.0,2.95
1706020204.5271382,02,23.26,76.52,100.0,1.69,62.29,3.04
1706020211.079941,01,28.83,52.81,100.0,25.22,0.0,2.95
1706020233.3599386,07,26.78,54.73,100.0,23.35,11.71,3.21
1706020240.905128,02,23.64,75.5,100.0,1.69,62.56,3.05
1706020243.5995522,03,27.75,45.96,100.0,22.12,7.76,3.11
1706020268.6237748,07,26.75,56.7,100.0,23.26,11.64,3.2
1706020276.9054856,02,23.98,71.64,100.0,1.69,62.36,3.05
1706020277.339469,03,27.68,45.54,100.0,22.12,7.92,3.1
1706020283.8554363,01,28.64,52.92,100.0,25.31,0.0,2.96
1706020304.9170785,07,26.67,53.87,100.0,23.35,11.88,3.21
1706020313.9464035,02,24.37,70.32,100.0,1.58,62.47,3.04
1706020319.7672403,01,28.5,53.53,100.0,25.4,0.0,2.96
1706020342.0882537,07,26.61,52.18,100.0,23.35,11.71,3.21
1706020349.70994,02,24.52,67.69,100.0,1.48,62.47,3.04
1706020350.0178854,03,27.53,43.53,100.0,22.12,8.07,3.1
1706020356.215939,01,28.05,54.65,100.0,25.22,0.0,2.95
1706020377.1808722,07,26.54,52.9,100.0,23.26,11.83,3.2
1706020385.6838017,02,24.32,71.24,100.0,1.38,62.47,3.05
1706020386.6122215,03,27.47,43.23,100.0,22.12,8.13,3.11
1706020391.9384212,01,27.63,56.1,100.0,24.15,0.0,2.95
1706020413.3532243,07,26.49,55.8,100.0,23.26,11.58,3.21
1706020422.28061,03,27.41,44.31,100.0,22.03,8.03,3.11
1706020423.0510354,02,24.29,67.77,100.0,1.27,62.47,3.04
1706020428.261101,01,27.34,55.31,100.0,23.88,0.0,2.95
1706020449.5299275,07,26.45,53.71,100.0,23.26,11.53,3.2
1706020457.8480296,02,24.33,67.62,100.0,1.27,62.73,3.05
1706020458.372198,03,27.33,44.98,100.0,22.03,8.1,3.11
1706020464.303581,01,27.15,56.17,100.0,23.8,0.0,2.95
1706020485.7052593,07,26.38,54.32,100.0,23.18,11.64,3.2
1706020494.3124523,02,24.37,66.9,100.0,1.27,62.58,3.04
1706020494.762795,03,27.32,46.23,100.0,22.03,8.06,3.09
1706020501.800218,01,27.15,57.05,100.0,23.8,0.0,2.95
1706020521.8144855,07,26.34,54.5,100.0,23.18,11.78,3.21
1706020530.2143245,08,27.5,56.39,100.0,13.85,20.94,3.11
1706020531.0352318,02,24.42,67.04,100.0,1.17,62.58,3.05
1706020532.4972713,03,27.26,45.76,100.0,22.03,8.15,3.1
1706020536.8541152,01,26.92,56.84,100.0,23.8,0.0,2.95
1706020558.0422325,07,26.29,54.57,100.0,23.18,11.55,3.21
1706020566.4330363,02,24.43,67.33,100.0,1.17,62.73,3.05
1706020566.9648726,03,27.21,44.27,100.0,22.12,8.15,3.1
1706020573.447557,01,26.82,58.82,100.0,23.71,0.0,2.96
1706020594.6113334,07,26.19,53.91,100.0,23.26,11.47,3.21
1706020603.1100063,02,24.62,70.41,100.0,1.38,62.67,3.05
1706020603.6562383,03,27.19,46.29,100.0,22.03,8.03,3.1
1706020609.343772,01,26.9,58.16,100.0,23.97,0.0,2.97
1706020630.4012015,07,26.14,53.82,100.0,23.26,11.47,3.21
1706020639.1223824,03,27.12,44.55,100.0,22.03,8.44,3.1
1706020639.1893153,02,24.73,73.02,100.0,1.27,62.56,3.05
1706020645.52113,01,26.84,59.22,100.0,23.71,0.0,2.97
1706020666.7620897,07,26.08,55.11,100.0,23.18,11.47,3.21
1706020674.9359398,02,24.78,69.1,100.0,1.38,62.29,3.05
1706020675.6676075,03,27.06,47.47,100.0,22.03,8.17,3.09
1706020685.0021703,01,26.83,57.66,100.0,23.71,0.0,2.97
1706020702.8085988,07,26.02,52.58,100.0,23.26,11.49,3.21
1706020711.4135933,03,26.97,45.66,100.0,22.03,8.49,3.1
1706020711.5904915,02,24.8,66.09,100.0,1.48,62.18,3.04
1706020717.6330304,01,26.73,57.45,100.0,23.62,0.0,2.97
1706020739.2788281,07,25.95,55.72,100.0,23.26,11.43,3.2
1706020747.3297014,02,24.87,63.4,100.0,1.69,62.51,3.05
1706020747.7153735,03,26.88,46.8,100.0,22.03,8.37,3.1
1706020753.8396924,01,26.63,56.2,100.0,23.71,0.0,2.97
1706020775.2261841,07,25.9,53.92,100.0,23.26,11.3,3.21
1706020783.5804367,02,24.84,63.68,100.0,1.69,62.33,3.04
1706020783.861983,03,26.81,46.23,100.0,22.03,8.49,3.09
1706020791.2837844,01,26.47,56.38,100.0,23.53,0.0,2.96
1706020811.3724604,07,25.88,58.6,100.0,23.18,11.47,3.2
1706020819.7454784,02,24.87,62.59,100.0,1.48,62.18,3.05
1706020820.1678605,03,26.73,44.29,100.0,22.03,8.52,3.1
1706020826.2931511,01,26.31,56.32,100.0,23.53,0.0,2.96
1706020836.8549602,08,27.59,53.78,100.0,12.15,22.5,3.11
1706020847.502815,07,25.81,54.59,100.0,23.18,11.25,3.21
1706020855.9349046,02,24.84,63.04,100.0,1.38,62.36,3.04
1706020856.3045447,03,26.65,46.79,100.0,22.03,8.26,3.1
1706020862.5752754,01,26.32,57.59,100.0,23.44,0.0,2.94
1706020883.9644907,07,25.75,54.15,100.0,23.18,11.42,3.21
1706020892.3364356,02,24.91,63.24,100.0,1.27,62.44,3.04
1706020892.3694863,03,26.55,45.5,100.0,22.03,8.55,3.1
1706020902.1638222,01,26.14,56.01,100.0,23.88,0.0,2.94
1706020920.3739061,07,25.7,52.79,100.0,23.18,11.55,3.21
1706020928.3082855,02,24.93,61.66,100.0,1.27,62.24,3.05
1706020928.6776953,03,26.46,45.06,100.0,21.94,8.55,3.1
1706020934.7266352,01,26.07,58.32,100.0,23.8,0.0,2.94
1706020956.1342087,07,25.64,55.12,100.0,23.18,11.36,3.2
1706020964.6084483,02,24.9,59.46,100.0,1.27,62.62,3.05
1706020964.9145808,03,26.37,43.23,100.0,21.94,8.89,3.1
1706020971.2249446,01,25.99,57.62,100.0,23.62,0.0,2.93
1706020992.2397888,07,25.56,53.51,100.0,23.18,11.36,3.21
1706021000.7028844,02,24.92,60.43,100.0,1.27,62.47,3.04
1706021001.205701,03,26.29,47.5,100.0,21.94,8.78,3.09
1706021007.688698,01,25.99,54.56,100.0,24.24,0.0,2.95
1706021028.3833168,07,25.57,53.81,100.0,24.42,20.93,3.2
1706021036.980323,02,24.89,60.68,100.0,1.27,62.73,3.05
1706021037.2931767,03,26.19,44.61,100.0,21.94,8.86,3.1
1706021043.4311697,01,25.95,56.7,100.0,24.42,0.0,2.96
1706021064.5826306,07,25.51,52.02,100.0,24.33,20.99,3.2
1706021072.9930286,02,24.9,59.38,100.0,1.27,62.58,3.05
1706021074.0414762,03,26.1,47.04,100.0,22.03,8.49,3.1
1706021079.4996042,01,25.93,56.76,100.0,24.51,0.0,2.95
1706021101.1608741,07,25.53,51.36,100.0,24.24,20.91,3.19
1706021109.1302688,02,24.92,57.04,100.0,1.27,62.78,3.05
1706021109.9042099,03,26.01,45.44,100.0,21.94,8.63,3.1
1706021115.7248023,01,25.87,55.88,100.0,24.24,0.0,2.95
1706021136.999073,07,25.5,50.48,100.0,24.15,20.87,3.2
1706021142.759374,08,26.99,55.6,100.0,12.31,23.01,3.12
1706021145.4522097,02,24.95,60.6,100.0,1.27,62.47,3.04
1706021145.729693,03,25.93,45.49,100.0,21.94,8.82,3.11
1706021151.8568234,01,25.85,56.03,100.0,24.24,0.0,2.95
1706021173.0933852,07,25.4,50.67,100.0,24.15,21.04,3.2
1706021181.5703304,02,25.15,69.03,100.0,1.07,62.47,3.04
1706021181.8763754,03,25.82,45.59,100.0,22.03,8.78,3.1
1706021188.1943398,01,25.9,55.61,100.0,24.24,0.0,2.95
1706021209.749641,07,25.35,49.31,100.0,24.15,20.89,3.21
1706021217.766961,02,25.25,58.81,100.0,0.96,62.33,3.04
1706021218.0560987,03,25.71,44.14,100.0,21.94,9.12,3.1
1706021224.3133755,01,25.81,54.27,100.0,25.84,0.0,2.95
1706021245.5439234,07,25.31,47.94,100.0,24.15,20.89,3.2
1706021254.0953436,02,25.26,56.96,100.0,2.81,62.78,3.04
1706021254.3670928,03,25.65,44.81,100.0,21.94,8.81,3.1
1706021260.4045794,01,25.67,55.92,100.0,28.01,0.0,2.96
1706021281.8725681,07,25.21,49.37,100.0,24.06,21.0,3.2
1706021290.2379277,02,25.3,58.86,100.0,2.81,62.74,3.04
1706090651.8816688,08,16.69,83.7,7.13,22.8,0.0,3.1
1706090655.756541,02,16.61,65.72,18.27,2.05,63.08,3.01
1706090656.894801,03,16.81,51.31,21.3,19.22,0.0,3.07
1706090683.59305,07,16.91,55.33,2.63,19.92,0.0,3.08
1706090691.872374,02,16.61,65.56,15.64,2.05,63.3,3.01
1706090692.527147,03,16.81,51.1,21.5,19.22,0.0,3.07
1706090719.6503904,07,16.92,55.16,2.63,19.92,0.0,3.07
1706090728.263402,02,16.59,65.56,18.86,2.16,63.32,3.01
1706090728.6170022,03,16.81,51.09,21.5,19.14,0.0,3.07
1706090756.2491484,07,16.92,55.1,2.54,19.84,0.0,3.08
1706090764.2267954,02,16.62,65.76,17.98,2.16,63.28,3.02
1706090764.7406847,03,16.82,51.24,21.3,19.14,0.0,3.07
1706090792.0716043,07,16.93,55.2,2.63,19.84,0.0,3.08
1706090800.3818605,02,16.59,65.79,18.18,2.16,63.35,3.01
1706090800.9358234,03,16.85,51.34,21.4,19.14,0.0,3.07
1706091268.5465016,08,16.74,82.49,7.03,22.8,0.0,3.11
1706091270.809969,02,16.66,65.33,17.79,2.16,63.23,3.01
1706091271.564792,03,16.88,50.57,20.62,19.05,0.0,3.08
1706091298.5948617,07,17.0,54.58,2.44,19.84,0.0,3.11
1706091307.1165218,02,16.66,65.39,18.47,2.16,63.23,3.02
1706091307.5196202,03,16.87,50.69,21.7,19.14,0.0,3.07
1706091334.8513489,07,16.99,54.6,2.44,19.92,0.0,3.1
1706091344.4190683,03,16.87,50.54,20.82,19.14,0.0,3.07
1706091344.6007946,02,16.65,65.26,17.79,2.16,63.19,3.01
1706091370.9655714,07,16.99,54.47,2.44,19.84,0.0,3.11
1706091379.3579674,02,16.65,65.39,17.59,2.16,63.17,3.01
1706091379.952136,03,16.92,50.59,20.91,19.05,0.0,3.07
1706091407.42506,07,17.0,54.66,2.54,19.92,0.0,3.11
1706091415.8259761,02,16.65,65.34,18.57,2.16,63.28,3.01
1706091416.188784,03,16.91,50.77,21.6,19.14,0.0,3.07
1706091443.3336658,07,17.0,54.61,2.73,19.92,0.0,3.11
1706091451.8481047,02,16.69,65.3,18.76,2.16,63.12,3.01
1706091452.2511885,03,16.91,50.44,21.89,19.14,0.0,3.07
1706091479.7266977,07,17.01,54.76,2.73,19.92,0.0,3.11
1706091487.9171588,02,16.67,65.24,15.05,2.16,63.46,3.02
1706091488.4420044,03,16.92,50.88,22.18,19.14,0.0,3.08
1706091515.763414,07,17.02,54.89,2.73,19.92,0.0,3.1
1706091524.0659184,02,16.68,65.27,16.12,2.16,63.55,3.01
1706091525.294291,03,16.94,51.07,21.89,19.22,0.0,3.07
1706091551.901646,07,17.02,54.96,2.73,20.01,0.0,3.11
1706091560.243594,02,16.67,65.04,18.96,2.16,63.23,3.02
1706091561.0392148,03,16.93,51.07,21.4,19.22,0.0,3.08
1706091570.588178,08,16.75,82.84,4.39,22.8,0.0,3.11
1706091588.0723116,07,17.01,54.88,2.73,20.01,0.0,3.11
1706091596.4646103,02,16.7,65.04,19.35,2.16,63.32,3.01
1706091596.9282906,03,16.95,50.75,21.5,19.14,0.0,3.06
1706091624.2208447,07,17.03,54.7,2.73,19.84,0.0,3.1
1706091632.6516764,02,16.68,65.1,19.35,2.16,63.17,3.01
1706091633.2057204,03,16.95,50.63,21.6,19.14,0.0,3.08
1706091849.811459,02,16.71,65.41,16.61,2.16,63.35,3.01
1706091850.2552285,03,16.95,50.76,22.87,19.05,0.0,3.07
1706091876.6748164,08,16.77,81.84,1.95,21.02,0.0,3.11
1706091877.7722974,07,17.04,54.71,2.83,19.84,0.0,3.11
1706091886.023159,02,16.71,65.26,17.49,2.05,63.17,3.01
1706091886.5267239,03,16.97,50.64,22.97,19.14,0.0,3.08
1706091913.788001,07,17.05,54.56,2.93,19.84,0.0,3.1
1706091922.0994008,02,16.74,65.34,16.61,2.16,63.17,3.01
1706091922.5931048,03,16.97,50.44,23.36,19.05,0.0,3.07
1706091950.1390316,07,17.04,54.64,2.93,19.84,0.0,3.11
1706091958.31895,02,16.74,65.24,17.3,2.16,63.17,3.01
1706091958.8728726,03,16.96,50.59,23.36,19.05,0.0,3.07
1706091986.2259228,07,17.04,54.61,3.03,19.84,0.0,3.11
1706091994.4060416,02,16.72,65.28,20.23,2.16,63.28,3.02
1706091995.0506506,03,16.96,50.38,23.75,19.05,0.0,3.08
1706092022.3056824,07,17.06,54.42,2.93,19.84,0.0,3.11
1706092030.7192369,02,16.73,65.24,20.13,2.05,63.35,3.01
1706092031.1932757,03,16.97,50.31,21.99,19.05,0.0,3.07
1706092058.4570575,07,17.05,54.32,2.73,19.84,0.0,3.11
1706092066.9995444,02,16.73,65.13,20.33,2.16,63.17,3.01
1706092067.3323092,03,16.95,50.13,22.18,19.05,0.0,3.07
1706092248.1021473,02,16.73,65.03,16.52,2.05,63.46,3.01
1706092248.6019773,03,16.98,50.53,23.46,19.05,0.0,3.07
1706092276.6842873,07,17.05,54.5,2.83,19.84,0.0,3.11
1706092284.0403948,02,16.75,65.05,18.86,2.05,63.28,3.01
1706092284.5823905,03,16.97,50.43,23.94,19.05,0.0,3.08
1706092311.8972006,07,17.06,54.42,2.83,19.92,0.0,3.11
1706092320.091303,02,16.74,65.06,17.1,2.16,63.28,3.01
1706092320.675185,03,16.99,50.24,23.85,19.05,0.0,3.07
1706092348.1425953,07,17.08,54.2,2.83,19.84,0.0,3.11
1706092356.2395666,02,16.72,65.13,16.81,2.05,63.35,3.01
1706092356.8236206,03,16.98,49.88,23.85,19.05,0.0,3.07
1706092384.165591,07,17.06,53.98,2.83,19.84,0.0,3.1
1706092392.5538633,02,16.75,65.17,16.52,2.16,63.28,3.01
1706092393.0577927,03,16.97,49.73,23.94,19.05,0.0,3.07
1706092420.4110987,07,17.07,53.9,2.93,19.84,0.0,3.1
1706092428.6939511,02,16.74,66.8,17.1,2.16,63.35,3.01
1706092429.9716465,03,16.97,49.71,24.34,19.05,0.0,3.07
1706092456.5114815,07,17.06,53.88,2.93,19.75,0.0,3.11
1706092465.053007,02,16.74,65.85,17.39,2.16,63.35,3.01
1706092465.52644,03,16.99,49.86,24.34,19.14,0.0,3.08
1706092489.1472397,08,16.8,81.08,0.39,21.02,0.0,3.11
1706092492.6996439,07,17.06,53.94,2.93,19.84,0.0,3.11
1706092501.2228217,02,16.75,65.27,16.91,2.05,63.28,3.0
1706092501.5956786,03,16.99,50.02,24.43,19.05,0.0,3.08
1706092528.846874,07,17.05,53.99,2.93,19.84,0.0,3.11
1706092537.2896862,02,16.75,65.19,18.18,2.16,63.35,3.01
1706092537.743305,03,17.0,49.89,25.12,19.05,0.0,3.07
1706092565.4163842,07,17.06,54.01,3.03,19.84,0.0,3.1
1706092573.5247734,02,16.76,65.06,14.56,2.16,63.17,3.02
1706092574.3403103,03,16.99,49.95,25.31,19.05,0.0,3.07
1706092601.2862844,07,17.08,54.16,2.93,19.84,0.0,3.11
1706092609.6382442,02,16.77,64.98,18.27,2.05,63.44,3.01
1706092610.1820643,03,16.99,50.11,24.92,19.05,0.0,3.07
1706092637.515579,07,17.06,54.17,3.03,19.84,0.0,3.11
1706092645.9069493,02,16.77,64.76,17.49,2.05,63.23,3.01
1706092647.283041,03,17.01,49.97,24.53,19.05,0.0,3.07
1706092673.692213,07,17.06,54.05,3.03,19.84,0.0,3.11
1715086035.4358106,00,23.19,42.44,21.3,0.12,62.08,2.96
1715086073.0471196,03,23.65,37.77,15.15,23.53,0.0,2.97
1715086073.0621402,00,23.2,42.61,20.03,0.12,62.15,2.96
1715086140.658578,00,23.21,42.61,18.47,0.12,61.98,2.96
1715086149.3768437,00,23.21,42.49,18.08,0.12,62.19,2.95
1715086153.2803283,03,23.65,37.81,15.05,23.62,0.0,2.97
1715086153.2921352,00,23.19,42.47,17.98,0.12,61.98,2.96
1715086166.2449543,00,23.19,42.47,18.27,0.12,62.14,2.95
1715086183.1164613,00,23.19,42.49,18.57,0.12,61.98,2.95
1715086190.350375,00,23.22,42.46,18.57,0.12,62.04,2.96
1715086199.7540421,00,23.21,42.55,18.57,0.12,62.1,2.95
1715086204.3289595,00,23.2,42.6,18.67,0.12,62.38,2.96
1715086212.5911071,00,23.21,42.76,18.57,0.12,62.08,2.95
1715086218.1293128,00,23.22,42.62,18.37,0.12,62.19,2.94
1715086227.557909,00,23.22,42.53,18.18,0.12,62.1,2.96
1715086229.4883158,03,23.68,37.77,15.05,23.53,0.0,2.97
1715086232.1857822,00,23.21,42.54,19.94,0.12,62.19,2.96
1715086239.4050627,00,23.21,42.59,20.43,0.12,62.19,2.95
1715086246.4417355,00,23.2,42.61,20.33,0.12,61.98,2.95
1715086257.0765274,00,23.23,42.6,20.33,0.12,62.02,2.95
1715086260.766326,00,23.21,42.56,20.23,0.12,62.02,2.96
1715086268.308405,03,23.66,37.94,15.24,23.53,0.0,2.97
1715086275.1034808,00,23.23,42.48,20.33,0.12,61.98,2.96
1715086289.654259,00,23.22,42.47,20.33,0.12,62.27,2.96
1715086297.509377,00,23.22,42.5,20.43,0.12,62.08,2.95
1715086302.147537,03,23.66,37.83,15.24,23.62,0.0,2.97
1715086306.2332976,00,23.21,42.53,20.43,0.12,62.19,2.95
1715086311.3870482,00,23.21,42.52,20.52,0.12,62.02,2.95
1715086319.7488344,00,23.22,42.49,20.33,0.12,62.1,2.96
1715086325.5260308,00,23.19,42.44,19.94,0.12,62.08,2.96
1715086335.2895305,00,23.2,42.45,20.23,0.12,62.1,2.95
1715086338.1660304,03,23.66,37.82,14.85,23.53,0.0,2.96
1715086342.526078,00,23.19,42.5,20.23,0.12,61.92,2.95
1715086363.3170128,00,23.21,42.63,20.52,0.12,62.02,2.96
1715086370.379829,00,23.2,42.72,20.33,0.12,62.19,2.95
1715086384.3971605,00,23.2,42.67,20.62,0.12,62.27,2.96
1715086390.4324389,00,23.2,42.59,20.52,0.12,62.08,2.96
1715086395.0958982,08,23.72,46.87,14.66,23.91,0.0,3.05
1715086397.6836414,00,23.19,42.59,20.52,0.12,62.21,2.95
1715086404.6032524,00,23.18,42.68,20.03,0.12,62.21,2.95
1715086414.4893956,00,23.2,42.72,19.94,0.12,62.21,2.95
1715086423.9080184,00,23.19,42.77,20.03,0.12,62.1,2.95
1715086427.344303,00,23.2,42.91,19.84,0.12,62.21,2.96
1715086434.653641,00,23.2,42.86,20.03,0.12,62.32,2.95
1715086440.6292546,00,23.21,42.82,20.13,0.12,62.19,2.95
1715086450.8323731,00,23.21,42.75,19.84,0.12,62.21,2.96
1715086451.0080795,03,23.66,38.03,15.15,23.62,0.0,2.97
1715086454.9211605,00,23.22,42.7,20.03,0.12,62.02,2.96
1715086464.0749967,00,23.2,42.75,19.74,0.12,62.31,2.95
1715086469.2164423,00,23.21,42.75,20.33,0.12,61.98,2.95
1715086479.1135015,00,23.2,42.7,20.52,0.12,62.19,2.95
1715086483.1166277,03,23.67,38.0,15.15,23.62,0.0,2.96
1715086484.1101246,00,23.21,42.65,20.43,0.12,61.92,2.95
1715086490.6185544,00,23.2,42.75,19.35,0.12,62.14,2.96
1715086497.5344265,00,23.21,42.92,19.35,0.12,62.19,2.95
1715086519.0304096,03,23.65,38.11,15.24,23.62,0.0,2.97
1715086523.3747964,00,23.24,42.89,20.23,0.12,62.1,2.96
1715086551.32147,00,23.24,43.04,20.43,0.12,62.1,2.95
1715086555.1856294,03,23.66,38.21,15.15,23.62,0.0,2.97
1715086559.37828,00,23.23,42.88,19.45,0.12,62.19,2.96
1715086572.8039231,00,23.22,42.93,18.27,0.22,62.1,2.96
1715086581.5362458,00,23.21,42.94,20.43,0.12,62.1,2.96
1715086587.4454777,03,23.66,38.21,15.15,23.62,0.0,2.97
1715086587.4621246,00,23.21,42.95,20.43,0.12,62.31,2.96
1715086602.9108694,00,23.21,42.96,20.43,0.12,61.98,2.96
1715086609.042894,00,23.21,42.91,20.52,0.12,62.15,2.96
1715086619.874485,00,23.21,42.88,20.43,0.22,62.15,2.96
1715086630.3218653,00,23.22,42.9,20.43,0.22,62.15,2.96
1715086631.3636715,03,23.66,38.21,15.24,23.62,0.0,2.97
1715086641.0428646,00,23.23,42.94,20.33,0.22,62.15,2.96
1715086645.8556967,00,23.24,42.89,20.52,0.12,62.36,2.96
1715086655.1213038,00,23.22,42.9,20.43,0.12,62.08,2.96
1715086663.697877,03,23.67,38.37,15.15,23.62,0.0,2.97
1715086666.4490535,00,23.24,43.19,20.33,0.12,62.15,2.96
1715086673.3902338,00,23.23,43.13,20.33,0.12,62.19,2.96
1715086681.9903347,00,23.24,43.11,20.33,0.12,62.27,2.96
1715086700.4828155,03,23.68,38.34,14.46,23.62,0.0,2.96
1715086702.1927834,00,23.24,43.04,20.03,0.12,62.38,2.96
1715086704.0025651,08,23.72,47.45,14.36,23.91,0.0,3.05
1715086709.9768336,00,23.24,43.18,20.13,0.12,62.19,2.95
1715086724.9444675,00,23.25,43.17,20.33,0.22,62.1,2.96
1715086731.3477771,00,23.25,43.15,20.33,0.12,62.08,2.96
1715086736.4930682,03,23.68,38.47,14.66,23.62,0.0,2.96
1715086738.0763776,00,23.25,43.12,17.1,0.22,62.19,2.96
1715086745.7081835,00,23.26,43.11,17.0,0.12,62.08,2.96
1715086760.6955283,03,23.68,38.47,14.66,23.62,0.0,2.96
1715086760.711256,00,23.27,43.21,17.39,0.12,62.15,2.96
1715086768.6321394,00,23.28,43.1,17.3,0.12,62.19,2.96
1715086773.4477444,03,23.68,38.5,14.36,23.62,0.0,2.96
1715086775.05756,00,23.26,43.24,17.1,0.12,62.19,2.96
1715086781.1868677,00,23.26,43.15,17.0,0.12,62.27,2.96
1715086788.97631,00,23.28,43.36,17.59,0.12,61.98,2.96
1715086796.2423618,00,23.29,43.67,17.79,0.22,61.98,2.95
1715086802.965226,00,23.29,43.6,17.49,0.12,61.98,2.95
1715086813.2515917,03,23.68,38.53,14.76,23.71,0.0,2.96
1715086817.6641498,00,23.3,42.97,17.39,0.12,62.1,2.96
1715086826.357043,00,23.3,42.87,17.39,0.12,62.21,2.96
1715086833.654866,00,23.31,43.05,17.3,0.22,61.87,2.96
1715086880.7029839,03,23.68,38.53,14.76,23.71,0.0,2.96
1715086880.7167368,00,23.31,43.21,17.39,0.12,62.21,2.96
1715086881.0015728,03,23.68,38.41,14.95,23.71,0.0,2.96
1715086887.2342408,00,23.34,43.92,17.0,0.22,62.27,2.96
1715086895.5772045,00,23.33,43.59,17.2,0.12,62.1,2.96
1715087062.3121886,03,23.7,38.36,15.24,23.62,0.0,2.96
1715087069.4240794,00,23.28,42.98,20.33,0.22,62.38,2.96
1715087076.8033235,00,23.28,43.04,20.33,0.12,62.08,2.95
1715087083.6876817,00,23.28,43.05,20.33,0.12,62.08,2.96
1715104745.6003106,03,24.47,41.2,11.82,24.86,0.0,2.99
1715104747.2695153,03,24.47,41.2,11.82,24.86,0.0,2.99
1715697398.545803,07,23.73,51.72,46.04,22.38,0.0,2.83
1715697400.1169248,03,23.57,50.26,46.33,23.26,0.0,2.98
1715698650.1963372,07,23.67,51.93,45.25,22.56,0.0,2.81
1715869207.416896,03,23.29,48.35,44.28,23.8,0.0,2.97
1715872348.4358947,03,23.88,50.14,42.52,23.44,0.0,3.0
1715872613.2172966,03,23.76,49.67,42.03,23.35,0.0,3.0
1715872674.946221,03,23.7,49.68,42.03,23.44,0.0,3.0
1716531969.0284922,03,23.43,52.52,3.61,23.53,0.0,2.97
1721756930.4280288,01,23.33,67.23,4.69,24.86,18.63,2.95
1721758089.0439851,07,23.99,56.0,27.76,24.42,0.0,3.01
1721758136.2623556,07,24.17,56.66,15.54,24.06,0.0,2.9
1721758266.4572024,07,24.03,52.47,10.16,23.97,0.0,2.91
1721758351.7367508,07,24.35,52.93,11.24,25.58,0.0,2.92
1721758364.3937497,07,28.44,69.53,14.36,25.49,0.0,2.92
1721758372.8111005,07,26.7,59.33,0.0,25.58,0.0,2.93
1721758390.3178253,07,25.63,54.41,12.9,25.66,0.0,2.93
1721758448.7114444,07,25.08,51.56,34.5,26.02,0.0,2.96
1721758477.9386153,07,25.08,51.13,26.88,26.11,0.0,2.9
1721758543.5579543,07,25.22,52.69,18.08,25.58,0.0,2.82
1721758801.507071,07,28.25,99.99,5.08,25.31,0.0,3.0
1721759013.501118,07,25.3,68.78,29.22,25.13,0.0,2.98
1721759028.284163,07,25.33,68.45,20.13,25.04,0.0,2.96
1721759265.5080526,07,25.58,61.75,51.22,25.58,0.0,3.01
1721759279.737494,07,25.63,60.07,0.78,25.49,0.0,3.01
1721759308.3829348,07,27.65,99.99,55.13,25.58,0.0,3.01
1721759344.127539,07,25.66,71.26,56.1,25.66,0.0,3.01
1721759414.2570367,07,29.74,99.99,5.96,25.13,0.0,2.98
1721759490.3581371,07,25.36,65.56,6.54,25.04,0.0,2.98
1721759507.8855102,07,25.34,64.82,10.45,25.04,0.0,2.98
1721759513.848884,07,25.39,65.83,1.17,25.04,0.0,2.98
1721759522.8872752,07,25.4,65.04,16.42,24.86,0.0,2.98
1721759543.8272555,07,25.31,64.42,23.55,24.59,0.0,2.99
1721828777.1130607,07,24.84,76.18,4.88,25.58,22.87,2.97
1721828793.0592434,07,24.9,77.36,17.69,26.11,0.0,2.98
1721828814.281405,07,24.95,79.82,16.03,26.38,0.0,2.97
1721832034.8089626,07,25.39,79.0,14.66,26.02,0.0,3.02
1721832208.1120975,07,25.34,74.67,39.39,29.94,0.0,3.02
1721832224.2188525,07,25.4,75.6,10.75,28.83,0.0,2.98
1721832242.4757028,07,25.45,76.0,15.15,28.1,0.0,3.01
1721832258.7382872,07,25.45,74.63,15.44,29.11,0.0,3.01
1721832272.1686487,07,31.84,99.99,7.13,27.92,0.0,2.95
1721832288.4274416,07,26.61,99.99,17.0,27.74,0.0,3.01
1721832306.5076075,07,26.12,95.19,16.52,27.28,0.0,3.01
1721832322.65244,07,25.97,96.01,17.49,27.01,0.0,3.0
1721832338.502285,07,25.77,86.97,18.67,26.74,0.0,3.01
1721832354.9603174,07,25.7,89.03,15.34,26.65,0.0,3.01
1721832370.917082,07,25.7,91.71,17.98,26.65,0.0,3.01
1721832387.3044255,07,25.7,90.77,13.29,26.47,0.0,3.01
1721832403.578143,07,25.64,88.71,17.2,26.47,0.0,3.01
1721832419.4086185,07,25.62,86.22,16.03,26.38,0.0,3.01
1721832435.8096883,07,25.59,85.86,17.0,26.11,0.0,3.01
1721832451.8077064,07,25.56,86.24,18.08,26.11,0.0,3.01
1721832467.9927378,07,25.55,86.48,17.39,26.02,0.0,3.01
1721832484.19978,07,25.52,84.04,19.64,25.84,0.0,3.02
1721832500.3415658,07,25.55,84.65,18.86,25.75,0.0,3.02
1721832516.5202231,07,25.55,84.83,18.86,25.84,0.0,3.02
1721832532.7402894,07,25.54,82.98,18.86,25.84,0.0,3.01
1721832551.5577223,07,25.5,82.56,18.67,25.84,0.0,3.02
1721832581.601763,07,25.44,81.99,21.99,25.66,0.0,3.01
1721832597.7147758,07,25.45,82.29,20.62,25.66,0.0,3.01
1721832616.559362,07,25.38,81.51,21.21,25.66,0.0,3.02
1721832632.692327,07,25.38,82.07,20.82,25.66,0.0,3.02
1721832648.4997652,07,25.37,82.1,20.52,25.58,0.0,3.02
1721832664.9289937,07,25.38,81.74,21.3,25.49,0.0,3.01
1721832680.9355426,07,25.35,81.3,21.21,25.58,0.0,3.02
1721832697.1015217,07,25.37,83.08,17.88,25.49,0.0,3.02
1721832713.3214378,07,25.32,81.46,14.56,25.49,0.0,3.02
1721832729.478818,07,25.32,81.2,21.3,25.49,0.0,3.02
1721832745.6639714,07,25.34,81.13,20.33,25.49,0.0,3.02
1721832761.9741879,07,25.34,81.08,22.38,25.49,0.0,3.01
1721832778.0361814,07,25.32,81.01,20.62,25.4,0.0,3.02
1721832794.209001,07,25.29,80.95,12.21,25.49,0.0,3.01
1721832810.3254585,07,25.3,81.68,20.91,25.4,0.0,3.02
1721832826.5208225,07,25.28,80.86,19.64,25.4,0.0,3.01
1721832842.721637,07,25.25,80.98,21.21,25.4,0.0,3.01
1721832858.9789748,07,25.24,80.78,20.91,25.31,0.0,3.02
1721832875.1903725,07,25.24,80.88,21.01,25.31,0.0,3.02
1721832894.524884,07,25.25,80.88,20.43,25.31,0.0,3.02
1721832910.9004636,07,25.25,80.9,21.11,25.31,0.0,3.01
1721832926.4553776,07,25.23,80.82,20.62,25.31,0.0,3.01
1721832942.7087293,07,25.22,81.05,21.01,25.4,0.0,3.02
1721832959.5447886,07,25.23,80.92,20.82,25.31,0.0,3.02
1721832975.695528,07,25.23,80.84,20.82,25.31,0.0,3.01
1721832991.8417962,07,25.22,80.88,20.62,25.31,0.0,3.02
1721833008.0988739,07,25.2,80.92,21.01,25.31,0.0,3.01
1721833024.2071366,07,25.22,80.95,19.55,25.31,0.0,3.01
1721833040.3965042,07,25.21,80.87,20.91,25.4,0.0,3.02
1721833056.5832489,07,25.21,81.1,19.15,25.4,0.0,3.02
1721833073.006668,07,25.19,80.84,22.48,25.4,0.0,3.02
1721833088.9488728,07,25.19,80.8,21.6,25.4,0.0,3.02
1721833105.2699046,07,25.17,80.94,20.72,25.4,0.0,3.02
1721833121.3409026,07,25.15,81.09,19.74,25.31,0.0,3.01
1721833137.537145,07,25.15,81.03,19.64,25.4,0.0,3.02
1721833153.7242606,07,25.13,81.19,19.84,25.31,0.0,3.02
1721833169.8556812,07,25.15,81.14,20.43,25.31,0.0,3.02
1721833186.1165602,07,25.14,81.11,20.72,25.31,0.0,3.01
1721833202.3686795,07,25.13,81.29,20.72,25.4,0.0,3.01
1721833218.4268935,07,25.09,81.12,20.82,25.31,0.0,3.01
1721833235.5105991,07,25.1,81.06,21.11,25.31,0.0,3.01
1721833251.7428834,07,25.08,80.95,20.52,25.22,0.0,3.02
1721833267.8701203,07,25.09,80.98,20.72,25.22,0.0,3.02
1721833284.1098197,07,25.06,80.87,21.21,25.13,0.0,3.02
1721833300.3240092,07,25.07,81.03,19.35,25.22,0.0,3.02
1721833316.4574072,07,25.06,81.1,21.21,25.22,0.0,3.01
1721833332.6443675,07,25.04,81.1,20.91,25.31,0.0,3.02
1721833348.9919908,07,25.05,81.1,21.01,25.22,0.0,3.02
1721833365.0359852,07,25.03,81.14,19.06,25.22,0.0,3.01
1721833381.2232609,07,25.05,81.64,15.83,25.31,0.0,3.01
1721833397.4105792,07,25.03,81.49,18.57,25.31,0.0,3.02
1721833413.6870422,07,25.03,81.42,18.96,25.4,0.0,3.01
1721833429.6933625,07,24.97,81.65,19.25,25.22,0.0,3.01
1721833445.9333444,07,24.98,81.72,19.25,25.22,0.0,3.01
1721833462.133091,07,25.01,81.8,17.39,25.31,0.0,3.01
1721833478.4590187,07,25.0,81.59,18.86,25.31,0.0,3.01
1721833494.4711294,07,24.99,81.48,18.67,25.31,0.0,3.01
1721833514.604041,07,25.0,81.52,18.37,25.4,0.0,3.01
1721833530.7432451,07,25.0,81.53,17.3,25.4,0.0,3.01
1721833546.9312115,07,24.96,81.55,18.08,25.4,0.0,3.02
1721833563.0884526,07,24.96,81.72,18.27,25.4,0.0,3.01
1721833579.504201,07,24.97,81.71,18.47,25.31,0.0,3.01
1721833595.6384208,07,24.96,81.75,19.06,25.4,0.0,3.01
1721833612.0343862,07,24.95,81.53,18.37,25.4,0.0,3.01
1721833628.032762,07,24.96,81.71,18.76,25.31,0.0,3.01
1721833644.255655,07,24.91,81.56,19.15,25.31,0.0,3.02
1721833660.4457257,07,24.95,81.62,18.27,25.22,0.0,3.01
1721833676.556334,07,24.93,81.55,19.64,25.22,0.0,3.01
1721833692.8097818,07,24.93,81.58,19.15,25.22,0.0,3.01
1721833692.8135753,07,24.93,81.58,19.15,25.22,0.0,3.01
1721833708.94736,07,24.88,81.48,18.47,25.22,0.0,3.01
1721833708.9490335,07,24.88,81.48,18.47,25.22,0.0,3.01
1721833725.181404,07,24.88,81.42,18.27,25.22,0.0,3.01
1721833725.1824207,07,24.88,81.42,18.27,25.22,0.0,3.01
1721833741.3158407,07,24.86,81.48,18.86,25.13,0.0,3.01
1721833741.3180096,07,24.86,81.48,18.86,25.13,0.0,3.01
1721833757.5445256,07,24.84,81.53,18.96,25.13,0.0,3.01
1721833757.5485437,07,24.84,81.53,18.96,25.13,0.0,3.01
1721833773.7406604,07,24.84,81.36,18.37,25.13,0.0,3.01
1721833773.741588,07,24.84,81.36,18.37,25.13,0.0,3.01
1721833789.8602428,07,24.82,81.27,18.96,25.13,0.0,3.02
1721833789.8604205,07,24.82,81.27,18.96,25.13,0.0,3.02
1721833806.1034439,07,24.83,81.39,18.67,25.13,0.0,3.01
1721833806.104479,07,24.83,81.39,18.67,25.13,0.0,3.01
1721833825.5538898,07,24.81,81.47,19.64,25.13,0.0,3.01
1721833825.5574734,07,24.81,81.47,19.64,25.13,0.0,3.01
1721833841.7093043,07,24.81,81.37,19.74,25.13,0.0,3.01
1721833842.4472916,07,24.81,81.37,19.74,25.13,0.0,3.01
1721833853.9740827,07,24.79,81.76,17.79,25.13,0.0,3.01
1721833853.9747736,07,24.79,81.76,17.79,25.13,0.0,3.01
1721833869.5836158,07,24.8,81.45,19.45,25.13,0.0,3.01
1721833869.585493,07,24.8,81.45,19.45,25.13,0.0,3.01
1721833889.5790923,07,24.79,81.33,17.69,25.22,0.0,3.01
1721833889.5795178,07,24.79,81.33,17.69,25.22,0.0,3.01
1721833905.789286,07,24.79,81.43,17.79,25.31,0.0,3.01
1721833905.790112,07,24.79,81.43,17.79,25.31,0.0,3.01
1721833921.871538,07,24.8,81.53,17.3,25.22,0.0,3.01
1721833921.873869,07,24.8,81.53,17.3,25.22,0.0,3.01
1721833938.0649934,07,24.77,81.39,18.47,25.22,0.0,3.02
1721833938.0649981,07,24.77,81.39,18.47,25.22,0.0,3.02
1721833954.314014,07,24.75,81.43,19.35,25.22,0.0,3.01
1721833954.314012,07,24.75,81.43,19.35,25.22,0.0,3.01
1721833970.4527519,07,24.74,81.48,18.67,25.13,0.0,3.01
1721833970.4575977,07,24.74,81.48,18.67,25.13,0.0,3.01
1721833986.6339386,07,24.74,81.54,18.37,25.13,0.0,3.01
1721833986.6356487,07,24.74,81.54,18.37,25.13,0.0,3.01
1721834002.7888265,07,24.77,81.59,17.98,25.22,0.0,3.01
1721834002.789419,07,24.77,81.59,17.98,25.22,0.0,3.01
1721834019.0220037,07,24.77,81.62,18.08,25.22,0.0,3.01
1721834019.0277483,07,24.77,81.62,18.08,25.22,0.0,3.01
1721834035.1930726,07,24.76,81.58,18.37,25.13,0.0,3.02
1721834035.193458,07,24.76,81.58,18.37,25.13,0.0,3.02
1721834051.4232469,07,24.75,81.63,18.47,25.13,0.0,3.02
1721834051.4273758,07,24.75,81.63,18.47,25.13,0.0,3.02
1721834067.5882447,07,24.74,81.57,18.08,25.13,0.0,3.01
1721834067.5882523,07,24.74,81.57,18.08,25.13,0.0,3.01
1721834083.7843857,07,24.71,81.59,19.25,25.13,0.0,3.01
1721834083.7860436,07,24.71,81.59,19.25,25.13,0.0,3.01
1721834099.8831718,07,24.72,81.53,18.18,25.13,0.0,3.01
1721834099.8831942,07,24.72,81.53,18.18,25.13,0.0,3.01
1721834116.1340065,07,24.71,81.38,18.18,25.13,0.0,3.01
1721834116.138774,07,24.71,81.38,18.18,25.13,0.0,3.01
1721834132.410867,07,24.72,81.29,17.98,25.13,0.0,3.01
1721834132.4138474,07,24.72,81.29,17.98,25.13,0.0,3.01
1721834148.4771864,07,24.69,81.31,18.47,25.13,0.0,3.01
1721834148.4781172,07,24.69,81.31,18.47,25.13,0.0,3.01
1721834164.6186988,07,24.7,81.31,19.25,25.13,0.0,3.01
1721834164.6211205,07,24.7,81.31,19.25,25.13,0.0,3.01
1721834180.901347,07,24.68,81.29,19.45,25.13,0.0,3.01
1721834181.9454162,07,24.68,81.29,19.45,25.13,0.0,3.01
1721834197.5532343,07,24.67,81.24,18.76,25.13,0.0,3.02
1721834197.553227,07,24.67,81.24,18.76,25.13,0.0,3.02
1721834213.6822646,07,24.68,81.3,19.45,25.04,0.0,3.01
1721834217.6575298,07,24.68,81.3,19.45,25.04,0.0,3.01
1721834232.4745312,07,24.66,81.25,17.98,25.13,0.0,3.01
1721834232.4762924,07,24.66,81.25,17.98,25.13,0.0,3.01
1721834248.6566486,07,24.65,81.13,17.88,25.13,0.0,3.01
1721834248.657094,07,24.65,81.13,17.88,25.13,0.0,3.01
1721834264.8618104,07,24.63,81.29,17.79,25.04,0.0,3.01
1721834264.865968,07,24.63,81.29,17.79,25.04,0.0,3.01
1721834281.0487747,07,24.62,81.33,18.67,24.95,0.0,3.01
1721834281.049483,07,24.62,81.33,18.67,24.95,0.0,3.01
1721834297.3415112,07,24.62,81.25,18.08,25.04,0.0,3.01
1721834297.3459978,07,24.62,81.25,18.08,25.04,0.0,3.01
1721834313.4004931,07,24.61,81.32,17.98,25.04,0.0,3.01
1721834313.4016454,07,24.61,81.32,17.98,25.04,0.0,3.01
1721834329.6263437,07,24.61,81.2,17.88,25.04,0.0,3.02
1721834329.6267076,07,24.61,81.2,17.88,25.04,0.0,3.02
1721834345.790299,07,24.6,81.18,18.47,25.04,0.0,3.01
1721834345.793363,07,24.6,81.18,18.47,25.04,0.0,3.01
1721834362.0055466,07,24.6,81.29,18.18,24.95,0.0,3.01
1721834362.0124042,07,24.6,81.29,18.18,24.95,0.0,3.01
1721834378.1208766,07,24.6,81.35,18.08,24.86,0.0,3.01
1721834378.1218376,07,24.6,81.35,18.08,24.86,0.0,3.01
1721834394.2950456,07,24.58,81.23,18.57,24.86,0.0,3.01
1721834394.2952132,07,24.58,81.23,18.57,24.86,0.0,3.01
1721834410.4887903,07,24.6,81.21,18.27,24.86,0.0,3.01
1721834410.4979007,07,24.6,81.21,18.27,24.86,0.0,3.01
1721834426.672329,07,24.58,81.19,19.45,24.86,0.0,3.01
1721834426.6777735,07,24.58,81.19,19.45,24.86,0.0,3.01
1721834443.558528,07,24.6,81.13,18.27,24.95,0.0,3.01
1721834443.5589864,07,24.6,81.13,18.27,24.95,0.0,3.01
1721834459.6272786,07,24.59,81.23,18.96,24.95,0.0,3.01
1721834463.1364195,07,24.59,81.23,18.96,24.95,0.0,3.01
1721834478.5227046,07,24.56,81.19,19.35,24.86,0.0,3.01
1721834478.5308094,07,24.56,81.19,19.35,24.86,0.0,3.01
1721834494.8447242,07,24.55,81.27,17.98,24.86,0.0,3.01
1721834494.8505967,07,24.55,81.27,17.98,24.86,0.0,3.01
1721834510.8671434,07,24.54,81.34,17.79,24.86,0.0,3.01
1721834510.8677332,07,24.54,81.34,17.79,24.86,0.0,3.01
1721834527.0638425,07,24.51,81.34,18.47,24.86,0.0,3.01
1721834527.0648127,07,24.51,81.34,18.47,24.86,0.0,3.01
1721834543.2503557,07,24.52,81.37,18.27,24.86,0.0,3.02
1721834543.251692,07,24.52,81.37,18.27,24.86,0.0,3.02
1721834559.4224718,07,24.52,81.39,18.18,24.95,0.0,3.01
1721834559.4243069,07,24.52,81.39,18.18,24.95,0.0,3.01
1721834575.6081734,07,24.5,81.39,17.88,24.86,0.0,3.02
1721834575.6091592,07,24.5,81.39,17.88,24.86,0.0,3.02
1721834591.8978336,07,24.5,81.32,17.88,24.86,0.0,3.01
1721834591.8978384,07,24.5,81.32,17.88,24.86,0.0,3.01
1721834608.0211155,07,24.5,81.38,18.37,24.86,0.0,3.01
1721834608.0220206,07,24.5,81.38,18.37,24.86,0.0,3.01
1721834624.2767165,07,24.5,81.35,18.37,24.77,0.0,3.01
1721834624.2787833,07,24.5,81.35,18.37,24.77,0.0,3.01
1721834640.362476,07,24.48,81.33,18.27,24.86,0.0,3.01
1721834640.3639958,07,24.48,81.33,18.27,24.86,0.0,3.01
1721834656.5511672,07,24.48,81.31,18.47,24.86,0.0,3.01
1721834656.5518851,07,24.48,81.31,18.47,24.86,0.0,3.01
1721834672.802615,07,24.48,81.32,18.37,24.86,0.0,3.01
1721834672.80387,07,24.48,81.32,18.37,24.86,0.0,3.01
1721834692.4901915,07,24.47,81.31,18.08,24.86,0.0,3.01
1721834692.4914236,07,24.47,81.31,18.08,24.86,0.0,3.01
1721834708.7851574,07,24.46,81.34,18.76,24.77,0.0,3.01
1721834708.7925045,07,24.46,81.34,18.76,24.77,0.0,3.01
1721834724.895436,07,24.46,81.5,18.37,24.77,0.0,3.02
1721834724.8959668,07,24.46,81.5,18.37,24.77,0.0,3.02
1721834741.1684704,07,24.45,81.39,17.88,24.77,0.0,3.01
1721834744.8123722,07,24.45,81.39,17.88,24.77,0.0,3.01
1721834759.5187209,07,24.45,81.36,18.57,24.86,0.0,3.02
1721834759.5212045,07,24.45,81.36,18.57,24.86,0.0,3.02
1721834775.7465575,07,24.45,81.44,18.47,24.77,0.0,3.02
1721834775.749833,07,24.45,81.44,18.47,24.77,0.0,3.02
1721834791.8919964,07,24.44,81.45,17.98,24.77,0.0,3.01
1721834791.8963704,07,24.44,81.45,17.98,24.77,0.0,3.01
1721834808.0957742,07,24.44,81.41,17.98,24.68,0.0,3.01
1721834808.096753,07,24.44,81.41,17.98,24.68,0.0,3.01
1721834824.2417345,07,24.42,81.46,17.98,24.77,0.0,3.01
1721834824.2461524,07,24.42,81.46,17.98,24.77,0.0,3.01
1721834840.4190114,07,24.43,81.46,18.96,24.77,0.0,3.01
1721834840.424431,07,24.43,81.46,18.96,24.77,0.0,3.01
1721834856.844703,07,24.44,81.42,18.08,24.77,0.0,3.02
1721834856.844734,07,24.44,81.42,18.08,24.77,0.0,3.02
1721834872.7970552,07,24.42,81.52,17.88,24.77,0.0,3.01
1721834872.7979481,07,24.42,81.52,17.88,24.77,0.0,3.01
1721834889.013352,07,24.41,81.45,17.88,24.77,0.0,3.01
1721834889.0180485,07,24.41,81.45,17.88,24.77,0.0,3.01
1721834905.2381208,07,24.43,81.47,17.98,24.77,0.0,3.01
1721834905.2413738,07,24.43,81.47,17.98,24.77,0.0,3.01
1721834921.3381066,07,24.43,81.43,16.91,24.86,0.0,3.01
1721834921.3409262,07,24.43,81.43,16.91,24.86,0.0,3.01
1721834937.5973287,07,24.42,81.29,20.23,24.86,0.0,3.01
1721834937.597374,07,24.42,81.29,20.23,24.86,0.0,3.01
1721834953.7378924,07,24.41,81.37,20.91,24.86,0.0,3.01
1721834953.741541,07,24.41,81.37,20.91,24.86,0.0,3.01
1721834970.0236058,07,24.4,81.37,19.74,24.86,0.0,3.01
1721834970.0246782,07,24.4,81.37,19.74,24.86,0.0,3.01
1721834986.362325,07,24.39,81.53,19.64,24.86,0.0,3.01
1721834986.3633614,07,24.39,81.53,19.64,24.86,0.0,3.01
1721835002.3166778,07,24.38,81.46,19.25,24.86,0.0,3.01
1721835002.3174984,07,24.38,81.46,19.25,24.86,0.0,3.01
1721835018.4891112,07,24.39,81.47,20.03,24.86,0.0,3.01
1721835020.7672787,07,24.39,81.47,20.03,24.86,0.0,3.01
1721835035.5568385,07,24.39,81.51,19.55,24.86,0.0,3.01
1721835035.5600076,07,24.39,81.51,19.55,24.86,0.0,3.01
1721835051.736051,07,24.4,81.48,19.45,24.77,0.0,3.01
1721835055.7829971,07,24.4,81.48,19.45,24.77,0.0,3.01
1721835070.5290968,07,24.42,81.41,20.13,24.86,0.0,3.01
1721835070.5301414,07,24.42,81.41,20.13,24.86,0.0,3.01
1721835086.6381052,07,24.39,81.33,19.64,24.86,0.0,3.02
1721835086.6408453,07,24.39,81.33,19.64,24.86,0.0,3.02
1721835102.8166418,07,24.39,81.36,19.45,24.86,0.0,3.01
1721835102.8179295,07,24.39,81.36,19.45,24.86,0.0,3.01
1721835119.075315,07,24.38,81.4,20.13,24.86,0.0,3.01
1721835119.0753205,07,24.38,81.4,20.13,24.86,0.0,3.01
1721835135.271663,07,24.38,81.38,20.33,24.86,0.0,3.01
1721835135.27909,07,24.38,81.38,20.33,24.86,0.0,3.01
1721835151.462997,07,24.39,81.33,19.84,24.86,0.0,3.01
1721835151.4630513,07,24.39,81.33,19.84,24.86,0.0,3.01
1721835167.609971,07,24.37,81.34,19.55,24.86,0.0,3.01
1721835167.6156273,07,24.37,81.34,19.55,24.86,0.0,3.01
1721835183.7883286,07,24.4,81.32,19.84,24.86,0.0,3.02
1721835183.7883258,07,24.4,81.32,19.84,24.86,0.0,3.02
1721835199.9964845,07,24.38,81.31,19.74,24.77,0.0,3.01
1721835200.001648,07,24.38,81.31,19.74,24.77,0.0,3.01
1721835216.1891296,07,24.38,81.33,20.03,24.77,0.0,3.01
1721835216.1894126,07,24.38,81.33,20.03,24.77,0.0,3.01
1721835232.3415055,07,24.37,81.34,20.03,24.77,0.0,3.01
1721835232.344785,07,24.37,81.34,20.03,24.77,0.0,3.01
1721835248.5164764,07,24.34,81.47,20.23,24.77,0.0,3.02
1721835248.5166483,07,24.34,81.47,20.23,24.77,0.0,3.02
1721835264.8418803,07,24.35,81.49,20.52,24.68,0.0,3.01
1721835264.8423157,07,24.35,81.49,20.52,24.68,0.0,3.01
1721835280.9269998,07,24.38,81.35,19.45,24.77,0.0,3.01
1721835280.9297078,07,24.38,81.35,19.45,24.77,0.0,3.01
1721835297.0678375,07,24.35,81.4,19.45,24.77,0.0,3.01
1721835297.900277,07,24.35,81.4,19.45,24.77,0.0,3.01
1721835313.5010028,07,24.36,81.34,20.03,24.77,0.0,3.02
1721835313.501013,07,24.36,81.34,20.03,24.77,0.0,3.02
1721835329.70851,07,24.31,81.5,18.47,24.77,0.0,3.02
1721835329.7087955,07,24.31,81.5,18.47,24.77,0.0,3.02
1721835345.896631,07,24.33,81.54,18.57,24.68,0.0,3.01
1721835345.8997586,07,24.33,81.54,18.57,24.68,0.0,3.01
1721835362.0558379,07,24.32,81.57,18.67,24.68,0.0,3.01
1721835365.6089106,07,24.32,81.57,18.67,24.68,0.0,3.01
1721835380.5039546,07,24.32,81.61,18.96,24.68,0.0,3.01
1721835380.5057144,07,24.32,81.61,18.96,24.68,0.0,3.01
1721835396.821432,07,24.31,81.62,18.76,24.68,0.0,3.01
1721835396.822309,07,24.31,81.62,18.76,24.68,0.0,3.01
1721835413.0348837,07,24.33,81.61,19.15,24.77,0.0,3.02
1721835413.0433161,07,24.33,81.61,19.15,24.77,0.0,3.02
1721835429.1101654,07,24.32,81.59,19.15,24.77,0.0,3.02
1721835429.1101563,07,24.32,81.59,19.15,24.77,0.0,3.02
1721835445.4391165,07,24.3,81.54,18.57,24.68,0.0,3.01
1721835445.4433825,07,24.3,81.54,18.57,24.68,0.0,3.01
1721835461.5231159,07,24.3,81.49,18.57,24.77,0.0,3.01
1721835461.5264397,07,24.3,81.49,18.57,24.77,0.0,3.01
1721835477.632568,07,24.32,81.46,19.25,24.68,0.0,3.01
1721835477.6337478,07,24.32,81.46,19.25,24.68,0.0,3.01
1721835493.922119,07,24.32,81.49,19.25,24.68,0.0,3.02
1721835493.9237454,07,24.32,81.49,19.25,24.68,0.0,3.02
1721835510.01021,07,24.31,81.38,19.45,24.68,0.0,3.01
1721835510.0110557,07,24.31,81.38,19.45,24.68,0.0,3.01
1721835526.2244177,07,24.31,81.33,18.47,24.68,0.0,3.01
1721835526.225278,07,24.31,81.33,18.47,24.68,0.0,3.01
1721835542.3694656,07,24.3,81.37,19.06,24.68,0.0,3.01
1721835542.3728204,07,24.3,81.37,19.06,24.68,0.0,3.01
1721835558.6476357,07,24.29,81.37,18.67,24.68,0.0,3.01
1721835558.6525207,07,24.29,81.37,18.67,24.68,0.0,3.01
1721835574.7418315,07,24.28,81.44,19.25,24.77,0.0,3.01
1721835574.7518656,07,24.28,81.44,19.25,24.77,0.0,3.01
1721835593.4963276,07,24.31,81.33,18.67,24.68,0.0,3.02
1721835593.5013516,07,24.31,81.33,18.67,24.68,0.0,3.02
1721835609.6787875,07,24.28,81.53,18.57,24.77,0.0,3.01
1721835613.6359396,07,24.28,81.53,18.57,24.77,0.0,3.01
1721835628.5724456,07,24.28,81.45,19.25,24.68,0.0,3.01
1721835628.5786512,07,24.28,81.45,19.25,24.68,0.0,3.01
1721835644.7663102,07,24.29,81.54,18.96,24.68,0.0,3.01
1721835644.7688253,07,24.29,81.54,18.96,24.68,0.0,3.01
1721835660.8612664,07,24.29,81.55,19.15,24.59,0.0,3.01
1721835660.8647878,07,24.29,81.55,19.15,24.59,0.0,3.01
1721835677.0258622,07,24.28,81.62,19.15,24.59,0.0,3.01
1721835677.026813,07,24.28,81.62,19.15,24.59,0.0,3.01
1721835693.2693944,07,24.29,81.58,19.25,24.68,0.0,3.02
1721835693.2700732,07,24.29,81.58,19.25,24.68,0.0,3.02
1721835709.386312,07,24.28,81.62,18.67,24.59,0.0,3.01
1721835709.3896692,07,24.28,81.62,18.67,24.59,0.0,3.01
1721835725.6043396,07,24.29,81.7,18.47,24.68,0.0,3.01
1721835725.6049116,07,24.29,81.7,18.47,24.68,0.0,3.01
1721835741.758719,07,24.3,81.81,19.15,24.59,0.0,3.01
1721835741.760609,07,24.3,81.81,19.15,24.59,0.0,3.01
1721835758.0770013,07,24.27,81.7,19.45,24.68,0.0,3.01
1721835758.0770018,07,24.27,81.7,19.45,24.68,0.0,3.01
1721835774.182797,07,24.28,81.71,19.06,24.68,0.0,3.02
1721835774.1845677,07,24.28,81.71,19.06,24.68,0.0,3.02
1721835790.3039215,07,24.27,81.66,19.15,24.68,0.0,3.01
1721835790.3064308,07,24.27,81.66,19.15,24.68,0.0,3.01
1721835806.5243998,07,24.27,81.53,18.96,24.59,0.0,3.01
1721835806.5256405,07,24.27,81.53,18.96,24.59,0.0,3.01
1721835822.67671,07,24.25,81.66,18.96,24.59,0.0,3.01
1721835822.6780443,07,24.25,81.66,18.96,24.59,0.0,3.01
1721835838.9024346,07,24.26,81.6,19.06,24.59,0.0,3.01
1721835838.9034166,07,24.26,81.6,19.06,24.59,0.0,3.01
1721835855.0306134,07,24.26,81.64,18.67,24.51,0.0,3.01
1721835855.0308619,07,24.26,81.64,18.67,24.51,0.0,3.01
1721835871.3995686,07,24.26,81.83,19.06,24.59,0.0,3.01
1721835871.3998034,07,24.26,81.83,19.06,24.59,0.0,3.01
1721835887.4816282,07,24.25,81.76,18.57,24.59,0.0,3.01
1721835887.4858966,07,24.25,81.76,18.57,24.59,0.0,3.01
1721835903.6889286,07,24.24,81.63,19.06,24.68,0.0,3.01
1721835903.6895678,07,24.24,81.63,19.06,24.68,0.0,3.01
1721835919.875594,07,24.24,81.63,19.15,24.68,0.0,3.01
1721835923.7029643,07,24.24,81.63,19.15,24.68,0.0,3.01
1721835938.5745802,07,24.24,81.73,18.86,24.59,0.0,3.01
1721835938.5777514,07,24.24,81.73,18.86,24.59,0.0,3.01
1721835954.749173,07,24.25,81.74,19.06,24.59,0.0,3.01
1721835954.7501888,07,24.25,81.74,19.06,24.59,0.0,3.01
1721835970.9043272,07,24.24,81.67,18.47,24.59,0.0,3.02
1721835970.9050446,07,24.24,81.67,18.47,24.59,0.0,3.02
1721835987.0497532,07,24.24,81.68,18.57,24.51,0.0,3.01
1721835987.0538208,07,24.24,81.68,18.57,24.51,0.0,3.01
1721836003.235113,07,24.23,81.75,18.76,24.51,0.0,3.01
1721836003.2357674,07,24.23,81.75,18.76,24.51,0.0,3.01
1721836019.5990567,07,24.24,81.86,19.45,24.59,0.0,3.01
1721836019.600211,07,24.24,81.86,19.45,24.59,0.0,3.01
1721836035.6072884,07,24.22,81.85,19.15,24.51,0.0,3.01
1721836035.6099527,07,24.22,81.85,19.15,24.51,0.0,3.01
1721836051.8659441,07,24.22,81.72,19.55,24.59,0.0,3.02
1721836051.8669128,07,24.22,81.72,19.55,24.59,0.0,3.02
1721836068.0808244,07,24.23,81.63,19.15,24.59,0.0,3.02
1721836068.081091,07,24.23,81.63,19.15,24.59,0.0,3.02
1721836084.2335927,07,24.22,81.6,19.15,24.59,0.0,3.01
1721836084.2336895,07,24.22,81.6,19.15,24.59,0.0,3.01
1721836100.3394353,07,24.22,81.67,18.86,24.59,0.0,3.02
1721836100.3402421,07,24.22,81.67,18.86,24.59,0.0,3.02
1721836116.5111997,07,24.21,81.84,18.76,24.51,0.0,3.01
1721836116.5113268,07,24.21,81.84,18.76,24.51,0.0,3.01
1721836132.7336655,07,24.21,81.87,18.96,24.51,0.0,3.01
1721836132.73367,07,24.21,81.87,18.96,24.51,0.0,3.01
1721836148.8837955,07,24.22,81.79,18.86,24.51,0.0,3.01
1721836148.8856547,07,24.22,81.79,18.86,24.51,0.0,3.01
1721836165.1268377,07,24.22,81.8,19.55,24.51,0.0,3.01
1721836165.1291583,07,24.22,81.8,19.55,24.51,0.0,3.01
1721836181.2876897,07,24.21,81.76,18.67,24.59,0.0,3.01
1721836181.287904,07,24.21,81.76,18.67,24.59,0.0,3.01
1721836197.5042427,07,24.2,81.78,19.35,24.59,0.0,3.01
1721836197.5094175,07,24.2,81.78,19.35,24.59,0.0,3.01
1721836213.7377577,07,24.22,81.82,19.06,24.51,0.0,3.01
1721836213.7383137,07,24.22,81.82,19.06,24.51,0.0,3.01
1721836229.87366,07,24.21,81.76,19.15,24.51,0.0,3.01
1721836232.7113984,07,24.21,81.76,19.15,24.51,0.0,3.01
1721836247.4748971,07,24.21,81.72,18.57,24.59,0.0,3.01
1721836247.4792945,07,24.21,81.72,18.57,24.59,0.0,3.01
1721836263.6869862,07,24.21,81.72,18.47,24.51,0.0,3.01
1721836263.6887085,07,24.21,81.72,18.47,24.51,0.0,3.01
1721836279.841236,07,24.2,81.85,19.15,24.59,0.0,3.01
1721836279.8435097,07,24.2,81.85,19.15,24.59,0.0,3.01
1721836296.0301,07,24.2,81.88,18.86,24.59,0.0,3.01
1721836296.032729,07,24.2,81.88,18.86,24.59,0.0,3.01
1721836312.3148086,07,24.19,81.78,19.25,24.59,0.0,3.01
1721836312.3153396,07,24.19,81.78,19.25,24.59,0.0,3.01
1721836328.418275,07,24.2,81.76,18.86,24.59,0.0,3.01
1721836328.4199812,07,24.2,81.76,18.86,24.59,0.0,3.01
1721836344.5815365,07,24.17,81.67,18.67,24.51,0.0,3.01
1721836344.5855837,07,24.17,81.67,18.67,24.51,0.0,3.01
1721836360.8368936,07,24.18,81.79,19.06,24.51,0.0,3.01
1721836360.8431478,07,24.18,81.79,19.06,24.51,0.0,3.01
1721836376.9985983,07,24.19,81.74,18.96,24.51,0.0,3.01
1721836377.00167,07,24.19,81.74,18.96,24.51,0.0,3.01
1721836393.2030118,07,24.19,81.68,19.15,24.59,0.0,3.01
1721836393.2043335,07,24.19,81.68,19.15,24.59,0.0,3.01
1721836409.341208,07,24.19,81.73,18.47,24.51,0.0,3.01
1721836409.3445666,07,24.19,81.73,18.47,24.51,0.0,3.01
1721836425.522545,07,24.15,81.68,18.86,24.59,0.0,3.01
1721836425.5225477,07,24.15,81.68,18.86,24.59,0.0,3.01
1721836441.7861617,07,24.16,81.8,18.96,24.51,0.0,3.01
1721836441.7867367,07,24.16,81.8,18.96,24.51,0.0,3.01
1721836458.0289688,07,24.18,81.88,19.06,24.59,0.0,3.02
1721836458.0333972,07,24.18,81.88,19.06,24.59,0.0,3.02
1721836474.2055273,07,24.17,81.78,19.06,24.59,0.0,3.02
1721836474.2089803,07,24.17,81.78,19.06,24.59,0.0,3.02
1721836490.239039,07,24.18,81.7,18.67,24.59,0.0,3.02
1721836490.2394066,07,24.18,81.7,18.67,24.59,0.0,3.02
1721836506.5193381,07,24.15,81.79,19.15,24.59,0.0,3.01
1721836506.5244079,07,24.15,81.79,19.15,24.59,0.0,3.01
1721836522.640651,07,24.16,81.78,19.15,24.51,0.0,3.01
1721836522.641882,07,24.16,81.78,19.15,24.51,0.0,3.01
1721836538.8936625,07,24.15,81.86,19.15,24.59,0.0,3.02
1721836538.8953164,07,24.15,81.86,19.15,24.59,0.0,3.02
1721836555.01493,07,24.18,81.82,19.15,24.59,0.0,3.01
1721836555.0160468,07,24.18,81.82,19.15,24.59,0.0,3.01
1721836571.1951435,07,24.14,81.89,18.67,24.51,0.0,3.01
1721836587.3455813,07,24.16,81.9,18.67,24.51,0.0,3.01
1721836587.3477151,07,24.16,81.9,18.67,24.51,0.0,3.01
1721836603.5422351,07,24.15,81.87,18.47,24.51,0.0,3.01
1721836603.546386,07,24.15,81.87,18.47,24.51,0.0,3.01
1721836619.7374187,07,24.16,81.93,18.47,24.51,0.0,3.01
1721836619.7401776,07,24.16,81.93,18.47,24.51,0.0,3.01
1721836635.9478636,07,24.16,81.96,18.67,24.51,0.0,3.01
1721836635.948141,07,24.16,81.96,18.67,24.51,0.0,3.01
1721836652.1565547,07,24.17,81.91,18.57,24.51,0.0,3.01
1721836652.157415,07,24.17,81.91,18.57,24.51,0.0,3.01
1721836668.3659136,07,24.14,81.79,18.47,24.51,0.0,3.01
1721836668.375799,07,24.14,81.79,18.47,24.51,0.0,3.01
1721836684.4654303,07,24.14,81.89,19.06,24.51,0.0,3.01
1721836684.466327,07,24.14,81.89,19.06,24.51,0.0,3.01
1721836700.6667197,07,24.15,81.87,18.47,24.51,0.0,3.01
1721836700.669151,07,24.15,81.87,18.47,24.51,0.0,3.01
1721836716.811768,07,24.14,81.86,19.15,24.51,0.0,3.0
1721836716.813846,07,24.14,81.86,19.15,24.51,0.0,3.0
1721836733.0264275,07,24.15,81.84,19.06,24.51,0.0,3.01
1721836733.0281894,07,24.15,81.84,19.06,24.51,0.0,3.01
1721836749.179365,07,24.14,81.84,18.57,24.59,0.0,3.02
1721836749.1795661,07,24.14,81.84,18.57,24.59,0.0,3.02
1721836765.444813,07,24.14,81.94,18.57,24.51,0.0,3.01
1721836765.44559,07,24.14,81.94,18.57,24.51,0.0,3.01
1721836781.6024356,07,24.13,81.91,18.76,24.51,0.0,3.01
1721836781.6049511,07,24.13,81.91,18.76,24.51,0.0,3.01
1721836797.736578,07,24.13,81.89,18.37,24.51,0.0,3.02
1721836797.7458367,07,24.13,81.89,18.37,24.51,0.0,3.02
1721836813.9166682,07,24.12,81.9,18.76,24.59,0.0,3.02
1721836813.917451,07,24.12,81.9,18.76,24.59,0.0,3.02
1721836830.1265078,07,24.14,82.08,18.76,24.59,0.0,3.02
1721836830.1268346,07,24.14,82.08,18.76,24.59,0.0,3.02
1721836846.3620927,07,24.11,82.19,18.47,24.59,0.0,3.01
1721836846.3628008,07,24.11,82.19,18.47,24.59,0.0,3.01
1721836862.470487,07,24.11,82.14,19.25,24.59,0.0,3.01
1721836862.4713368,07,24.11,82.14,19.25,24.59,0.0,3.01
1721836878.6978161,07,24.11,82.13,19.45,24.59,0.0,3.01
1721836878.701703,07,24.11,82.13,19.45,24.59,0.0,3.01
1721836894.9118435,07,24.13,82.06,18.47,24.68,0.0,3.01
1721836894.9154563,07,24.13,82.06,18.47,24.68,0.0,3.01
1721836911.1025226,07,24.14,82.09,19.25,24.59,0.0,3.01
1721836911.1031432,07,24.14,82.09,19.25,24.59,0.0,3.01
1721836927.2845936,07,24.14,81.98,18.76,24.51,0.0,3.01
1721836927.2885766,07,24.14,81.98,18.76,24.51,0.0,3.01
1721836943.4323797,07,24.13,81.87,18.37,24.59,0.0,3.01
1721836959.6459334,07,24.11,81.99,19.06,24.59,0.0,3.01
1721836959.6459332,07,24.11,81.99,19.06,24.59,0.0,3.01
1721836975.7965844,07,24.1,82.13,18.47,24.59,0.0,3.01
1721836975.80394,07,24.1,82.13,18.47,24.59,0.0,3.01
1721836991.9543657,07,24.12,81.98,19.25,24.59,0.0,3.01
1721836991.9551694,07,24.12,81.98,19.25,24.59,0.0,3.01
1721837008.1353502,07,24.09,81.87,19.06,24.59,0.0,3.01
1721837008.1353488,07,24.09,81.87,19.06,24.59,0.0,3.01
1721837024.3502865,07,24.12,81.82,18.57,24.51,0.0,3.01
1721837024.3502946,07,24.12,81.82,18.57,24.51,0.0,3.01
1721837040.5030482,07,24.1,81.79,18.86,24.59,0.0,3.01
1721837040.5089738,07,24.1,81.79,18.86,24.59,0.0,3.01
1721837056.6842713,07,24.1,81.93,19.06,24.59,0.0,3.01
1721837056.69249,07,24.1,81.93,19.06,24.59,0.0,3.01
1721837072.8740833,07,24.11,81.9,18.47,24.59,0.0,3.01
1721837072.8780477,07,24.11,81.9,18.47,24.59,0.0,3.01
1721837089.2951,07,24.09,81.82,19.15,24.59,0.0,3.01
1721837089.2971165,07,24.09,81.82,19.15,24.59,0.0,3.01
1721837105.3629777,07,24.09,81.84,19.55,24.59,0.0,3.01
1721837105.3630006,07,24.09,81.84,19.55,24.59,0.0,3.01
1721837121.428909,07,24.11,81.83,18.47,24.59,0.0,3.01
1721837121.4359708,07,24.11,81.83,18.47,24.59,0.0,3.01
1721837137.683836,07,24.1,81.79,19.55,24.51,0.0,3.01
1721837137.6858997,07,24.1,81.79,19.55,24.51,0.0,3.01
1721837153.7872703,07,24.11,81.75,18.47,24.59,0.0,3.01
1721837153.7872753,07,24.11,81.75,18.47,24.59,0.0,3.01
1721837170.0556273,07,24.1,81.7,19.15,24.59,0.0,3.01
1721837170.0567434,07,24.1,81.7,19.15,24.59,0.0,3.01
1721837186.2352812,07,24.09,81.81,19.15,24.59,0.0,3.02
1721837186.2364986,07,24.09,81.81,19.15,24.59,0.0,3.02
1721837202.3784235,07,24.1,81.77,19.25,24.59,0.0,3.01
1721837202.3784235,07,24.1,81.77,19.25,24.59,0.0,3.01
1721837218.8968859,07,24.06,81.89,18.47,24.59,0.0,3.01
1721837218.8980017,07,24.06,81.89,18.47,24.59,0.0,3.01
1721837234.7540486,07,24.07,81.9,19.15,24.59,0.0,3.01
1721837234.7551072,07,24.07,81.9,19.15,24.59,0.0,3.01
1721837251.0043132,07,24.07,81.9,18.47,24.59,0.0,3.01
1721837251.0077586,07,24.07,81.9,18.47,24.59,0.0,3.01
1721837267.0814936,07,24.06,81.93,18.96,24.59,0.0,3.01
1721837267.0824993,07,24.06,81.93,18.96,24.59,0.0,3.01
1721837283.3045478,07,24.06,81.88,18.47,24.59,0.0,3.01
1721837283.3048387,07,24.06,81.88,18.47,24.59,0.0,3.01
1721837299.4539416,07,24.08,81.9,19.15,24.59,0.0,3.01
1721837299.459086,07,24.08,81.9,19.15,24.59,0.0,3.01
1721837315.6335146,07,24.06,81.9,18.76,24.59,0.0,3.01
1721837319.7486775,07,24.06,81.9,18.76,24.59,0.0,3.01
1721837334.7301574,07,24.05,81.93,18.86,24.59,0.0,3.02
1721837334.7351632,07,24.05,81.93,18.86,24.59,0.0,3.02
1721837350.712178,07,24.06,81.96,18.96,24.59,0.0,3.01
1721837350.7182732,07,24.06,81.96,18.96,24.59,0.0,3.01
1721837366.8618712,07,24.05,81.96,19.35,24.51,0.0,3.01
1721837366.8632286,07,24.05,81.96,19.35,24.51,0.0,3.01
1721837383.049215,07,24.06,82.0,19.06,24.51,0.0,3.01
1721837383.0497248,07,24.06,82.0,19.06,24.51,0.0,3.01
1721837399.3774674,07,24.06,82.02,18.86,24.51,0.0,3.01
1721837399.3788803,07,24.06,82.02,18.86,24.51,0.0,3.01
1721837415.4221265,07,24.04,82.02,18.57,24.59,0.0,3.01
1721837415.4231675,07,24.04,82.02,18.57,24.59,0.0,3.01
1721837431.6286938,07,24.05,82.02,18.47,24.51,0.0,3.01
1721837431.6287735,07,24.05,82.02,18.47,24.51,0.0,3.01
1721837447.7806878,07,24.03,82.14,19.06,24.51,0.0,3.01
1721837447.7817395,07,24.03,82.14,19.06,24.51,0.0,3.01
1721837463.9654217,07,24.03,82.17,18.57,24.59,0.0,3.01
1721837463.9701889,07,24.03,82.17,18.57,24.59,0.0,3.01
1721837480.1503627,07,24.03,82.17,18.67,24.51,0.0,3.01
1721837480.1569507,07,24.03,82.17,18.67,24.51,0.0,3.01
1721837496.3403778,07,24.02,82.15,18.57,24.51,0.0,3.01
1721837496.3419523,07,24.02,82.15,18.57,24.51,0.0,3.01
1721837512.5225165,07,24.03,82.1,18.57,24.59,0.0,3.01
1721837512.523507,07,24.03,82.1,18.57,24.59,0.0,3.01
1721837528.7108867,07,24.05,82.03,19.35,24.51,0.0,3.02
1721837528.7133017,07,24.05,82.03,19.35,24.51,0.0,3.02
1721837544.9406705,07,24.03,82.12,18.47,24.59,0.0,3.01
1721837544.9409714,07,24.03,82.12,18.47,24.59,0.0,3.01
1721837561.0992026,07,24.02,82.12,19.06,24.59,0.0,3.01
1721837561.1024294,07,24.02,82.12,19.06,24.59,0.0,3.01
1721837577.262143,07,24.03,82.05,19.06,24.59,0.0,3.01
1721837577.2624302,07,24.03,82.05,19.06,24.59,0.0,3.01
1721837593.4495478,07,24.03,82.02,18.67,24.51,0.0,3.01
1721837593.4515893,07,24.03,82.02,18.67,24.51,0.0,3.01
1721837609.8008344,07,24.02,82.12,18.57,24.51,0.0,3.01
1721837609.803305,07,24.02,82.12,18.57,24.51,0.0,3.01
1721837625.8147995,07,24.03,82.06,19.15,24.59,0.0,3.01
1721837629.6506417,07,24.03,82.06,19.15,24.59,0.0,3.01
1721837644.5783806,07,24.04,81.99,19.15,24.51,0.0,3.02
1721837644.5784101,07,24.04,81.99,19.15,24.51,0.0,3.02
1721837660.6581507,07,24.03,82.07,19.35,24.59,0.0,3.01
1721837660.6605747,07,24.03,82.07,19.35,24.59,0.0,3.01
1721837676.9095516,07,24.02,82.02,18.47,24.51,0.0,3.01
1721837676.9118328,07,24.02,82.02,18.47,24.51,0.0,3.01
1721837693.0199978,07,24.02,82.07,19.15,24.59,0.0,3.01
1721837693.0208652,07,24.02,82.07,19.15,24.59,0.0,3.01
1721837709.2151718,07,24.02,82.04,18.96,24.59,0.0,3.01
1721837709.2170985,07,24.02,82.04,18.96,24.59,0.0,3.01
1721837725.4713304,07,24.02,82.08,19.06,24.59,0.0,3.01
1721837725.4745252,07,24.02,82.08,19.06,24.59,0.0,3.01
1721837741.573235,07,24.02,82.11,19.25,24.59,0.0,3.01
1721837741.5799212,07,24.02,82.11,19.25,24.59,0.0,3.01
1721837757.7552361,07,24.03,82.16,18.76,24.59,0.0,3.01
1721837757.7571115,07,24.03,82.16,18.76,24.59,0.0,3.01
1721837773.941267,07,24.03,82.1,19.06,24.51,0.0,3.01
1721837773.9480307,07,24.03,82.1,19.06,24.51,0.0,3.01
1721837790.1991258,07,24.03,82.23,19.15,24.59,0.0,3.01
1721837790.2007885,07,24.03,82.23,19.15,24.59,0.0,3.01
1721837806.3619483,07,24.0,82.18,18.37,24.42,0.0,3.01
1721837806.3619738,07,24.0,82.18,18.37,24.42,0.0,3.01
1721837822.5140643,07,24.01,82.16,19.35,24.51,0.0,3.01
1721837822.5171962,07,24.01,82.16,19.35,24.51,0.0,3.01
1721837838.6791232,07,24.0,82.12,18.57,24.51,0.0,3.01
1721837838.6816041,07,24.0,82.12,18.57,24.51,0.0,3.01
1721837854.9317381,07,24.01,82.13,18.96,24.51,0.0,3.01
1721837854.9330063,07,24.01,82.13,18.96,24.51,0.0,3.01
1721837871.158887,07,24.01,82.29,19.15,24.51,0.0,3.01
1721837871.1665063,07,24.01,82.29,19.15,24.51,0.0,3.01
1721837887.2765636,07,24.0,82.32,18.76,24.42,0.0,3.01
1721837887.277236,07,24.0,82.32,18.76,24.42,0.0,3.01
1721837903.4298542,07,24.01,82.38,19.15,24.42,0.0,3.01
1721837919.639589,07,24.02,82.31,18.47,24.42,0.0,3.01
1721837919.6395757,07,24.02,82.31,18.47,24.42,0.0,3.01
1721837935.7885153,07,24.01,82.25,18.96,24.42,0.0,3.01
1721837952.0403214,07,24.0,82.15,18.57,24.51,0.0,3.01
1721837952.0410583,07,24.0,82.15,18.57,24.51,0.0,3.01
1721837968.165228,07,24.0,82.13,19.45,24.42,0.0,3.01
1721837968.168523,07,24.0,82.13,19.45,24.42,0.0,3.01
1721837984.4439092,07,24.02,82.04,18.96,24.51,0.0,3.01
1721837984.446413,07,24.02,82.04,18.96,24.51,0.0,3.01
1721838000.5888436,07,24.01,82.03,19.06,24.51,0.0,3.01
1721838000.5912323,07,24.01,82.03,19.06,24.51,0.0,3.01
1721838016.7046094,07,24.02,82.0,18.47,24.59,0.0,3.01
1721838016.7056272,07,24.02,82.0,18.47,24.59,0.0,3.01
1721838032.9707696,07,24.01,82.1,18.76,24.59,0.0,3.02
1721838032.971994,07,24.01,82.1,18.76,24.59,0.0,3.02
1721838049.0807195,07,23.99,82.16,18.86,24.59,0.0,3.02
1721838049.081009,07,23.99,82.16,18.86,24.59,0.0,3.02
1721838065.3350399,07,24.0,82.11,18.86,24.59,0.0,3.01
1721838065.3435056,07,24.0,82.11,18.86,24.59,0.0,3.01
1721838081.5286674,07,23.98,82.16,19.25,24.51,0.0,3.01
1721838081.528696,07,23.98,82.16,19.25,24.51,0.0,3.01
1721838097.6306305,07,24.01,82.1,18.96,24.51,0.0,3.01
1721838097.63294,07,24.01,82.1,18.96,24.51,0.0,3.01
1721838114.0258796,07,23.99,82.17,18.86,24.51,0.0,3.01
1721838114.026371,07,23.99,82.17,18.86,24.51,0.0,3.01
1721838130.1005747,07,23.99,82.2,18.96,24.51,0.0,3.01
1721838130.1098266,07,23.99,82.2,18.96,24.51,0.0,3.01
1721838146.2603233,07,23.98,82.14,19.45,24.59,0.0,3.01
1721838146.2607286,07,23.98,82.14,19.45,24.59,0.0,3.01
1721838162.3689988,07,23.98,82.07,19.06,24.51,0.0,3.01
1721838162.369802,07,23.98,82.07,19.06,24.51,0.0,3.01
1721838178.6299403,07,23.98,82.15,18.86,24.51,0.0,3.01
1721838178.6322067,07,23.98,82.15,18.86,24.51,0.0,3.01
1721838194.7596793,07,23.99,82.14,18.86,24.42,0.0,3.01
1721838194.7610211,07,23.99,82.14,18.86,24.42,0.0,3.01
1721838211.1094253,07,23.99,82.04,19.15,24.51,0.0,3.01
1721838211.1128867,07,23.99,82.04,19.15,24.51,0.0,3.01
1721838227.1410868,07,23.98,81.98,18.67,24.51,0.0,3.01
1721838227.141647,07,23.98,81.98,18.67,24.51,0.0,3.01
1721838243.285243,07,23.99,81.98,18.96,24.51,0.0,3.01
1721838243.2863433,07,23.99,81.98,18.96,24.51,0.0,3.01
1721838259.5036485,07,24.0,82.0,19.15,24.59,0.0,3.01
1721838259.508808,07,24.0,82.0,19.15,24.59,0.0,3.01
1721838275.764503,07,23.99,82.05,18.96,24.59,0.0,3.01
1721838275.7670617,07,23.99,82.05,18.96,24.59,0.0,3.01
1721838291.9708815,07,23.98,82.1,19.15,24.51,0.0,3.01
1721838291.9709015,07,23.98,82.1,19.15,24.51,0.0,3.01
1721838308.1090324,07,23.99,82.11,19.15,24.51,0.0,3.01
1721838324.247849,07,23.97,82.18,18.47,24.51,0.0,3.01
1721838324.248958,07,23.97,82.18,18.47,24.51,0.0,3.01
1721838340.4740393,07,23.98,82.2,18.76,24.51,0.0,3.01
1721838340.4752572,07,23.98,82.2,18.76,24.51,0.0,3.01
1721838356.6541421,07,23.96,82.14,19.15,24.51,0.0,3.01
1721838356.6588478,07,23.96,82.14,19.15,24.51,0.0,3.01
1721838372.8370688,07,23.97,82.09,18.47,24.51,0.0,3.02
1721838372.8378232,07,23.97,82.09,18.47,24.51,0.0,3.02
1721838388.957599,07,23.97,82.08,19.06,24.42,0.0,3.01
1721838388.959031,07,23.97,82.08,19.06,24.42,0.0,3.01
1721838405.1344812,07,23.98,82.12,18.86,24.51,0.0,3.01
1721838405.1354356,07,23.98,82.12,18.86,24.51,0.0,3.01
1721838421.3183649,07,23.96,82.1,19.25,24.51,0.0,3.01
1721838421.3207738,07,23.96,82.1,19.25,24.51,0.0,3.01
1721838437.5246506,07,23.97,82.09,18.37,24.51,0.0,3.01
1721838437.528808,07,23.97,82.09,18.37,24.51,0.0,3.01
1721838453.7195518,07,23.99,82.04,19.45,24.42,0.0,3.01
1721838453.7290697,07,23.99,82.04,19.45,24.42,0.0,3.01
1721838469.870573,07,23.94,82.12,18.67,24.51,0.0,3.01
1721838469.871659,07,23.94,82.12,18.67,24.51,0.0,3.01
1721838486.0518122,07,23.95,82.11,18.76,24.51,0.0,3.01
1721838486.0540895,07,23.95,82.11,18.76,24.51,0.0,3.01
1721838502.234243,07,23.96,82.16,18.76,24.51,0.0,3.01
1721838502.2393658,07,23.96,82.16,18.76,24.51,0.0,3.01
1721838518.431898,07,23.95,82.16,19.15,24.42,0.0,3.02
1721838518.4353218,07,23.95,82.16,19.15,24.42,0.0,3.02
1721838534.6075087,07,23.95,82.2,18.86,24.51,0.0,3.01
1721838534.615504,07,23.95,82.2,18.86,24.51,0.0,3.01
1721838550.8904526,07,23.96,82.36,18.47,24.42,0.0,3.01
1721838550.8939285,07,23.96,82.36,18.47,24.42,0.0,3.01
1721838567.05497,07,23.97,82.25,18.57,24.42,0.0,3.01
1721838567.0625834,07,23.97,82.25,18.57,24.42,0.0,3.01
1721838583.3357751,07,23.97,82.21,19.25,24.51,0.0,3.01
1721838583.344254,07,23.97,82.21,19.25,24.51,0.0,3.01
1721838599.3788593,07,23.95,82.23,18.76,24.42,0.0,3.01
1721838599.379989,07,23.95,82.23,18.76,24.42,0.0,3.01
1721838615.5960464,07,23.97,82.24,19.06,24.51,0.0,3.0
1721838615.5977764,07,23.97,82.24,19.06,24.51,0.0,3.0
1721838631.704558,07,23.96,82.09,18.76,24.51,0.0,3.01
1721838631.7066967,07,23.96,82.09,18.76,24.51,0.0,3.01
1721838647.9962192,07,23.95,82.1,18.47,24.51,0.0,3.02
1721838647.996224,07,23.95,82.1,18.47,24.51,0.0,3.02
1721838664.0747962,07,23.97,82.19,19.06,24.59,0.0,3.01
1721838664.0749779,07,23.97,82.19,19.06,24.59,0.0,3.01
1721838680.3322973,07,23.98,82.15,18.76,24.51,0.0,3.01
1721838696.5866535,07,23.95,82.15,18.86,24.51,0.0,3.01
1721838696.5961444,07,23.95,82.15,18.86,24.51,0.0,3.01
1721838712.6657546,07,23.92,82.19,18.67,24.51,0.0,3.01
1721838712.6753597,07,23.92,82.19,18.67,24.51,0.0,3.01
1721838728.843762,07,23.93,82.27,18.47,24.51,0.0,3.01
1721838728.845676,07,23.93,82.27,18.47,24.51,0.0,3.01
1721838745.069192,07,23.96,82.25,18.57,24.42,0.0,3.01
1721838745.0715952,07,23.96,82.25,18.57,24.42,0.0,3.01
1721838761.173848,07,23.95,82.27,18.67,24.42,0.0,3.01
1721838761.1778703,07,23.95,82.27,18.67,24.42,0.0,3.01
1721838777.3709862,07,23.96,82.25,19.06,24.42,0.0,3.01
1721838777.3709998,07,23.96,82.25,19.06,24.42,0.0,3.01
1721838793.5912874,07,23.95,82.2,19.06,24.42,0.0,3.01
1721838793.5912845,07,23.95,82.2,19.06,24.42,0.0,3.01
1721838809.7365193,07,23.95,82.29,19.15,24.42,0.0,3.01
1721838809.7385721,07,23.95,82.29,19.15,24.42,0.0,3.01
1721838825.9172156,07,23.95,82.15,19.15,24.42,0.0,3.01
1721838825.9186025,07,23.95,82.15,19.15,24.42,0.0,3.01
1721838842.1296864,07,23.95,82.06,18.86,24.51,0.0,3.01
1721838842.1306624,07,23.95,82.06,18.86,24.51,0.0,3.01
1721838858.3617275,07,23.93,82.13,18.76,24.51,0.0,3.01
1721838858.3725238,07,23.93,82.13,18.76,24.51,0.0,3.01
1721838874.5452535,07,23.93,82.14,18.37,24.51,0.0,3.01
1721838874.545661,07,23.93,82.14,18.37,24.51,0.0,3.01
1721838890.7268705,07,23.95,82.09,18.47,24.51,0.0,3.01
1721838890.728453,07,23.95,82.09,18.47,24.51,0.0,3.01
1721838906.9447227,07,23.93,82.26,18.47,24.51,0.0,3.01
1721838906.947239,07,23.93,82.26,18.47,24.51,0.0,3.01
1721838923.0582712,07,23.93,82.25,18.76,24.42,0.0,3.01
1721838923.063081,07,23.93,82.25,18.76,24.42,0.0,3.01
1721838939.2559826,07,23.95,82.23,19.15,24.42,0.0,3.01
1721838939.2576218,07,23.95,82.23,19.15,24.42,0.0,3.01
1721838955.40064,07,23.93,82.22,18.47,24.51,0.0,3.01
1721838955.401453,07,23.93,82.22,18.47,24.51,0.0,3.01
1721838971.6770868,07,23.94,82.16,19.45,24.51,0.0,3.01
1721838971.678022,07,23.94,82.16,19.45,24.51,0.0,3.01
1721838987.8015237,07,23.94,82.09,18.96,24.51,0.0,3.01
1721838987.8041992,07,23.94,82.09,18.96,24.51,0.0,3.01
1721839003.9449205,07,23.94,82.11,18.86,24.51,0.0,3.01
1721839003.9460413,07,23.94,82.11,18.86,24.51,0.0,3.01
1721839020.2862728,07,23.92,82.14,18.37,24.42,0.0,3.01
1721839020.2883573,07,23.92,82.14,18.37,24.42,0.0,3.01
1721839036.3674653,07,23.94,82.1,19.15,24.51,0.0,3.01
1721839036.3741982,07,23.94,82.1,19.15,24.51,0.0,3.01
1721839052.538276,07,23.92,82.11,18.67,24.51,0.0,3.01
1721839056.5880141,07,23.92,82.11,18.67,24.51,0.0,3.01
1721839071.5754585,07,23.92,82.15,19.06,24.51,0.0,3.01
1721839071.577104,07,23.92,82.15,19.06,24.51,0.0,3.01
1721839087.6562848,07,23.92,82.18,18.57,24.42,0.0,3.0
1721839087.6575427,07,23.92,82.18,18.57,24.42,0.0,3.0
1721839103.8424578,07,23.92,82.19,18.76,24.42,0.0,3.01
1721839103.8424551,07,23.92,82.19,18.76,24.42,0.0,3.01
1721839120.0703592,07,23.92,82.14,19.06,24.42,0.0,3.01
1721839120.0703707,07,23.92,82.14,19.06,24.42,0.0,3.01
1721839136.2155232,07,23.94,82.1,18.47,24.42,0.0,3.01
1721839136.2183993,07,23.94,82.1,18.47,24.42,0.0,3.01
1721839152.4655578,07,23.92,82.08,19.06,24.51,0.0,3.01
1721839152.4663033,07,23.92,82.08,19.06,24.51,0.0,3.01
1721839168.5771186,07,23.93,82.19,18.67,24.51,0.0,3.01
1721839168.5777194,07,23.93,82.19,18.67,24.51,0.0,3.01
1721839184.8393075,07,23.92,82.17,18.86,24.42,0.0,3.0
1721839184.8426168,07,23.92,82.17,18.86,24.42,0.0,3.0
1721839200.9542587,07,23.91,82.13,19.15,24.42,0.0,3.01
1721839200.9564173,07,23.91,82.13,19.15,24.42,0.0,3.01
1721839217.1791916,07,23.92,82.14,19.15,24.42,0.0,3.01
1721839217.180837,07,23.92,82.14,19.15,24.42,0.0,3.01
1721839233.3211539,07,23.92,82.28,18.96,24.33,0.0,3.01
1721839233.3230941,07,23.92,82.28,18.96,24.33,0.0,3.01
1721839249.6130452,07,23.93,82.29,18.47,24.42,0.0,3.01
1721839249.6181216,07,23.93,82.29,18.47,24.42,0.0,3.01
1721839265.7310255,07,23.9,82.34,18.76,24.42,0.0,3.01
1721839265.7332206,07,23.9,82.34,18.76,24.42,0.0,3.01
1721839281.937526,07,23.92,82.25,19.15,24.42,0.0,3.01
1721839281.9390106,07,23.92,82.25,19.15,24.42,0.0,3.01
1721839298.1158097,07,23.92,82.18,18.76,24.42,0.0,3.01
1721839298.118599,07,23.92,82.18,18.76,24.42,0.0,3.01
1721839314.3443196,07,23.91,82.2,19.15,24.42,0.0,3.01
1721839314.3448026,07,23.91,82.2,19.15,24.42,0.0,3.01
1721839330.5391304,07,23.91,82.12,18.96,24.33,0.0,3.0
1721839330.5417233,07,23.91,82.12,18.96,24.33,0.0,3.0
1721839346.9661305,07,23.92,82.12,19.15,24.42,0.0,3.01
1721839346.9671183,07,23.92,82.12,19.15,24.42,0.0,3.01
1721839362.8160422,07,23.91,82.22,18.76,24.42,0.0,3.01
1721839364.2504385,07,23.91,82.22,18.76,24.42,0.0,3.01
1721839379.7735884,07,23.91,82.22,18.76,24.42,0.0,3.01
1721839379.7784083,07,23.91,82.22,18.76,24.42,0.0,3.01
1721839395.7467098,07,23.9,82.25,18.27,24.33,0.0,3.01
1721839395.7489142,07,23.9,82.25,18.27,24.33,0.0,3.01
1721839411.962614,07,23.88,82.4,18.57,24.42,0.0,3.01
1721839411.9633615,07,23.88,82.4,18.57,24.42,0.0,3.01
1721839428.275944,07,23.9,82.51,19.06,24.42,0.0,3.01
1721839428.276454,07,23.9,82.51,19.06,24.42,0.0,3.01
1721839444.3710983,07,23.92,82.93,18.86,24.42,0.0,3.01
1721839444.3719578,07,23.92,82.93,18.86,24.42,0.0,3.01
1721839460.480387,07,23.93,82.76,19.06,24.42,0.0,3.01
1721839460.483546,07,23.93,82.76,19.06,24.42,0.0,3.01
1721839476.6905859,07,23.92,82.71,19.35,24.51,0.0,3.0
1721839476.6911294,07,23.92,82.71,19.35,24.51,0.0,3.0
1721839492.892246,07,23.98,82.87,16.81,24.59,0.0,3.01
1721839492.8941998,07,23.98,82.87,16.81,24.59,0.0,3.01
1721839509.0591354,07,24.01,82.64,16.52,24.77,0.0,3.01
1721839509.0606823,07,24.01,82.64,16.52,24.77,0.0,3.01
1721839525.2924368,07,24.05,82.56,15.93,24.77,0.0,3.01
1721839525.2949872,07,24.05,82.56,15.93,24.77,0.0,3.01
1721839541.4052846,07,24.07,82.59,16.52,24.68,0.0,3.01
1721839541.4099195,07,24.07,82.59,16.52,24.68,0.0,3.01
1721839557.6579623,07,24.09,82.61,15.93,24.77,0.0,3.01
1721839557.6601698,07,24.09,82.61,15.93,24.77,0.0,3.01
1721839573.9515624,07,24.11,82.15,16.03,24.86,0.0,3.01
1721839573.9561703,07,24.11,82.15,16.03,24.86,0.0,3.01
1721839593.5409405,07,24.12,82.64,17.0,24.86,0.0,3.0
1721839593.5415134,07,24.12,82.64,17.0,24.86,0.0,3.0
1721839609.9132874,07,24.13,83.26,17.59,24.95,0.0,3.01
1721839609.9140587,07,24.13,83.26,17.59,24.95,0.0,3.01
1721839623.6873875,07,24.11,82.81,17.49,24.86,0.0,3.0
1721839623.6883845,07,24.11,82.81,17.49,24.86,0.0,3.0
1721839639.5234234,07,24.07,82.49,18.08,24.86,0.0,3.01
1721839655.6056852,07,24.08,82.95,17.98,24.77,0.0,3.01
1721839655.6064162,07,24.08,82.95,17.98,24.77,0.0,3.01
1721839671.6838691,07,24.08,83.27,17.59,24.86,0.0,3.0
1721839671.6882646,07,24.08,83.27,17.59,24.86,0.0,3.0
1721839689.550614,07,24.09,83.56,18.76,24.86,0.0,3.0
1721839689.551326,07,24.09,83.56,18.76,24.86,0.0,3.0
1721839705.6942775,07,24.09,83.01,18.18,24.86,0.0,3.01
1721839705.6978517,07,24.09,83.01,18.18,24.86,0.0,3.01
1721839722.1239583,07,24.09,83.47,18.27,24.86,0.0,3.0
1721839722.1284912,07,24.09,83.47,18.27,24.86,0.0,3.0
1721839738.1586325,07,24.08,83.35,19.15,24.95,0.0,3.01
1721839738.1672876,07,24.08,83.35,19.15,24.95,0.0,3.01
1721839754.3076444,07,24.09,83.15,18.47,24.86,0.0,3.0
1721839754.314737,07,24.09,83.15,18.47,24.86,0.0,3.0
1721839770.396262,07,24.08,83.2,18.18,24.86,0.0,3.01
1721839770.3971987,07,24.08,83.2,18.18,24.86,0.0,3.01
1721839786.637215,07,24.08,83.72,18.18,24.86,0.0,3.0
1721839786.63867,07,24.08,83.72,18.18,24.86,0.0,3.0
1721839802.7609484,07,24.12,83.77,17.39,25.04,0.0,3.0
1721839802.7616572,07,24.12,83.77,17.39,25.04,0.0,3.0
1721839818.9793339,07,24.07,83.5,17.3,25.04,0.0,3.0
1721839818.9800568,07,24.07,83.5,17.3,25.04,0.0,3.0
1721839835.1603878,07,24.08,83.62,17.49,24.95,0.0,3.01
1721839835.1609817,07,24.08,83.62,17.49,24.95,0.0,3.01
1721839851.3170469,07,24.08,84.06,17.0,24.86,0.0,3.0
1721839851.31769,07,24.08,84.06,17.0,24.86,0.0,3.0
1721839867.707116,07,24.08,84.31,17.0,24.86,0.0,3.0
1721839867.711915,07,24.08,84.31,17.0,24.86,0.0,3.0
1721839883.8203955,07,24.05,83.92,17.59,24.86,0.0,3.01
1721839883.827849,07,24.05,83.92,17.59,24.86,0.0,3.01
1721839903.5307927,07,24.06,83.95,17.0,24.86,0.0,3.0
1721839903.5319653,07,24.06,83.95,17.0,24.86,0.0,3.0
1721839919.746201,07,24.09,83.67,17.1,24.95,0.0,3.0
1721839919.7524312,07,24.09,83.67,17.1,24.95,0.0,3.0
1721839935.8631587,07,24.08,83.88,17.49,24.95,0.0,3.01
1721839935.8633668,07,24.08,83.88,17.49,24.95,0.0,3.01
1721839952.0826473,07,24.1,84.05,17.69,24.95,0.0,3.0
1721839955.6508455,07,24.1,84.05,17.69,24.95,0.0,3.0
1721839967.1990688,07,24.1,84.15,17.49,25.04,0.0,3.01
1721839967.2089777,07,24.1,84.15,17.49,25.04,0.0,3.01
1721839983.4993584,07,24.13,84.16,17.59,25.04,0.0,3.0
1721839983.9971156,07,24.13,84.16,17.59,25.04,0.0,3.0
1721839997.5566795,07,24.13,84.26,18.47,25.04,0.0,3.0
1721839997.5575755,07,24.13,84.26,18.47,25.04,0.0,3.0
1721840013.7112327,07,24.14,84.22,18.47,25.04,0.0,3.01
1721840013.7120416,07,24.14,84.22,18.47,25.04,0.0,3.01
1721840029.8650284,07,24.13,84.45,21.21,25.04,0.0,3.0
1721840029.8688858,07,24.13,84.45,21.21,25.04,0.0,3.0
1721840046.1029902,07,24.12,84.62,19.06,25.04,0.0,3.01
1721840046.1054432,07,24.12,84.62,19.06,25.04,0.0,3.01
1721840062.1987655,07,24.15,84.46,16.61,25.04,0.0,3.0
1721840062.1990178,07,24.15,84.46,16.61,25.04,0.0,3.0
1721840078.48641,07,24.18,84.09,15.34,25.13,0.0,3.01
1721840078.4864101,07,24.18,84.09,15.34,25.13,0.0,3.01
1721840094.6351895,07,24.2,84.05,15.83,25.13,0.0,3.01
1721840094.6364636,07,24.2,84.05,15.83,25.13,0.0,3.01
1721840110.8145664,07,24.22,84.24,16.81,25.13,0.0,3.01
1721840110.81748,07,24.22,84.24,16.81,25.13,0.0,3.01
1721840127.1137028,07,24.21,84.44,16.32,25.13,0.0,3.0
1721840127.1160402,07,24.21,84.44,16.32,25.13,0.0,3.0
1721840143.1404696,07,24.22,84.1,16.61,25.22,0.0,3.0
1721840143.1411872,07,24.22,84.1,16.61,25.22,0.0,3.0
1721840159.4206214,07,24.23,84.42,19.35,25.22,0.0,3.0
1721840159.4248648,07,24.23,84.42,19.35,25.22,0.0,3.0
1721840175.4835637,07,24.23,84.36,17.39,25.22,0.0,3.0
1721840175.4842217,07,24.23,84.36,17.39,25.22,0.0,3.0
1721840191.7375793,07,24.25,84.56,17.49,25.22,0.0,3.0
1721840191.7379367,07,24.25,84.56,17.49,25.22,0.0,3.0
1721840207.930679,07,24.23,84.49,17.1,25.22,0.0,3.01
1721840207.9308186,07,24.23,84.49,17.1,25.22,0.0,3.01
1721840224.0770495,07,24.22,84.26,17.2,25.22,0.0,3.0
1721840224.07758,07,24.22,84.26,17.2,25.22,0.0,3.0
1721840240.2190924,07,24.23,84.51,17.49,25.22,0.0,3.0
1721840240.2209547,07,24.23,84.51,17.49,25.22,0.0,3.0
1721840256.47242,07,24.24,84.47,18.37,25.13,0.0,3.01
1721840256.4730396,07,24.24,84.47,18.37,25.13,0.0,3.01
1721840272.6412494,07,24.3,86.2,20.52,25.75,0.0,3.0
1721840272.6413128,07,24.3,86.2,20.52,25.75,0.0,3.0
1721840288.8309615,07,24.35,86.31,26.09,29.2,0.0,3.0
1721840288.8309648,07,24.35,86.31,26.09,29.2,0.0,3.0
1721840308.4924335,07,24.75,89.35,0.39,29.02,0.0,3.0
1721840308.4962225,07,24.75,89.35,0.39,29.02,0.0,3.0
1721840324.744613,07,24.6,90.04,13.58,31.16,0.0,3.0
1721840326.4481206,07,24.6,90.04,13.58,31.16,0.0,3.0
1721840341.5547829,07,24.59,85.96,21.99,29.85,0.0,2.94
1721840341.5553737,07,24.59,85.96,21.99,29.85,0.0,2.94
1721840357.7589781,07,24.63,86.27,18.18,30.03,0.0,3.0
1721840357.7626135,07,24.63,86.27,18.18,30.03,0.0,3.0
1721840373.89864,07,24.62,84.05,10.94,28.93,0.0,3.01
1721840373.904497,07,24.62,84.05,10.94,28.93,0.0,3.01
1721840390.291476,07,24.6,83.39,10.45,28.01,0.0,3.01
1721840390.291476,07,24.6,83.39,10.45,28.01,0.0,3.01
1721840406.332479,07,24.6,83.32,16.71,27.19,0.0,3.01
1721840406.3347883,07,24.6,83.32,16.71,27.19,0.0,3.01
1721840422.4812212,07,24.62,83.14,16.71,26.65,0.0,3.01
1721840422.4831817,07,24.62,83.14,16.71,26.65,0.0,3.01
1721840438.6407483,07,24.63,82.98,16.81,26.29,0.0,3.01
1721840438.6418638,07,24.63,82.98,16.81,26.29,0.0,3.01
1721840454.9448822,07,24.62,83.01,16.91,26.2,0.0,3.01
1721840454.9448957,07,24.62,83.01,16.91,26.2,0.0,3.01
1721840471.0293238,07,24.65,83.24,17.2,26.02,0.0,3.01
1721840471.031612,07,24.65,83.24,17.2,26.02,0.0,3.01
1721840487.3624802,07,24.64,83.17,16.61,25.93,0.0,3.01
1721840487.368507,07,24.64,83.17,16.61,25.93,0.0,3.01
1721840503.4361482,07,24.63,83.01,16.52,25.75,0.0,3.01
1721840503.4405005,07,24.63,83.01,16.52,25.75,0.0,3.01
1721840519.5820613,07,24.63,82.99,17.0,25.66,0.0,3.01
1721840519.583083,07,24.63,82.99,17.0,25.66,0.0,3.01
1721840535.6976838,07,24.63,82.9,16.71,25.49,0.0,3.01
1721840535.6985676,07,24.63,82.9,16.71,25.49,0.0,3.01
1721840551.9832811,07,24.64,83.02,16.61,25.4,0.0,3.0
1721840551.9834218,07,24.64,83.02,16.61,25.4,0.0,3.0
1721840568.1373212,07,24.64,83.0,16.91,25.4,0.0,3.0
1721840568.1392581,07,24.64,83.0,16.91,25.4,0.0,3.0
1721840584.2860053,07,24.64,82.82,17.0,25.31,0.0,3.01
1721840584.2860053,07,24.64,82.82,17.0,25.31,0.0,3.01
1721840600.4245903,07,24.64,83.19,17.1,25.22,0.0,3.0
1721840600.4251525,07,24.64,83.19,17.1,25.22,0.0,3.0
1721840616.6816823,07,24.66,82.97,15.64,25.22,0.0,3.0
1721840616.6820633,07,24.66,82.97,15.64,25.22,0.0,3.0
1721840632.8481317,07,24.64,83.03,16.81,25.22,0.0,3.0
1721840635.7829838,07,24.64,83.03,16.81,25.22,0.0,3.0
1721840649.5495293,07,24.67,82.92,17.1,25.31,0.0,3.0
1721840649.5495322,07,24.67,82.92,17.1,25.31,0.0,3.0
1721840665.7972744,07,24.66,82.85,17.49,25.22,0.0,3.0
1721840666.718321,07,24.66,82.85,17.49,25.22,0.0,3.0
1721840681.472351,07,24.65,82.83,17.49,25.13,0.0,3.0
1721840681.473083,07,24.65,82.83,17.49,25.13,0.0,3.0
1721840697.7149494,07,24.67,82.91,16.71,25.04,0.0,3.0
1721840697.7155151,07,24.67,82.91,16.71,25.04,0.0,3.0
1721840713.8720028,07,24.68,82.92,16.81,25.04,0.0,3.0
1721840713.8737028,07,24.68,82.92,16.81,25.04,0.0,3.0
1721840730.082885,07,24.69,82.81,17.3,25.22,0.0,3.0
1721840730.0844507,07,24.69,82.81,17.3,25.22,0.0,3.0
1721840746.2069645,07,24.67,82.87,17.59,25.04,0.0,3.0
1721840746.2072294,07,24.67,82.87,17.59,25.04,0.0,3.0
1721840762.4237309,07,24.68,82.76,17.1,25.13,0.0,3.0
1721840762.4246783,07,24.68,82.76,17.1,25.13,0.0,3.0
1721840778.572815,07,24.67,82.96,16.91,25.13,0.0,3.0
1721840778.5745194,07,24.67,82.96,16.91,25.13,0.0,3.0
1721840794.945684,07,24.69,82.78,17.0,25.13,0.0,3.0
1721840794.9463966,07,24.69,82.78,17.0,25.13,0.0,3.0
1721840810.9805791,07,24.69,82.68,17.1,25.04,0.0,3.0
1721840810.9805768,07,24.69,82.68,17.1,25.04,0.0,3.0
1721840827.1668973,07,24.69,82.81,17.3,25.04,0.0,3.0
1721840827.1688106,07,24.69,82.81,17.3,25.04,0.0,3.0
1721840843.3078146,07,24.68,82.76,17.79,25.13,0.0,3.01
1721840843.317403,07,24.68,82.76,17.79,25.13,0.0,3.01
1721840859.529236,07,24.71,83.33,16.81,25.04,0.0,3.0
1721840859.5317957,07,24.71,83.33,16.81,25.04,0.0,3.0
1721840875.680371,07,24.71,82.82,17.2,25.04,0.0,3.0
1721840875.6817298,07,24.71,82.82,17.2,25.04,0.0,3.0
1721840891.8942847,07,24.7,82.9,16.61,25.04,0.0,3.0
1721840891.8951938,07,24.7,82.9,16.61,25.04,0.0,3.0
1721840908.1832952,07,24.71,82.83,16.81,25.04,0.0,3.0
1721840908.1842842,07,24.71,82.83,16.81,25.04,0.0,3.0
1721840926.469498,07,24.78,82.6,14.27,25.31,0.0,3.01
1721840926.4694927,07,24.78,82.6,14.27,25.31,0.0,3.01
1721840942.7885923,07,24.88,84.41,6.06,25.31,0.0,3.01
1721840943.4404728,07,24.88,84.41,6.06,25.31,0.0,3.01
1721840956.5799136,07,25.14,97.21,0.48,26.11,32.71,3.0
1721840956.5851204,07,25.14,97.21,0.48,26.11,32.71,3.0
1721840972.6897357,07,25.35,91.6,1.95,26.38,0.0,3.0
1721840972.6900308,07,25.35,91.6,1.95,26.38,0.0,3.0
                                                                                                                                                                                                                       1721841016.3614893,07,25.43,80.28,15.05,26.11,0.0,2.97
1721841067.9801507,07,25.54,83.58,14.46,26.29,0.0,2.97
1721841082.1488514,07,25.53,80.63,15.83,26.38,0.0,2.97
1721841100.9847991,07,25.49,79.6,15.54,26.2,0.0,2.98
1721841118.064477,07,25.48,79.49,15.64,26.2,0.0,2.98
1721841136.0771742,07,25.48,79.56,15.64,26.2,0.0,2.98
1721841153.9801338,07,25.53,83.68,3.81,26.29,15.16,3.0
1721841171.0264957,07,25.49,79.52,15.44,26.47,0.0,3.0
1721841186.9436698,07,25.55,79.32,15.15,26.56,0.0,3.0
1721841201.128129,07,25.62,79.13,12.31,26.74,0.0,3.01
1721841219.0273042,07,25.58,78.9,16.03,26.65,0.0,3.0
1721841238.0112,07,25.58,79.02,15.93,26.47,0.0,3.0
1721841250.0296562,07,25.62,80.18,22.48,26.02,0.0,2.93
1721841258.209504,07,25.61,80.38,12.41,26.29,0.0,2.98
1721841274.4288688,07,25.64,80.54,20.72,26.65,0.0,2.99
1721841290.420799,07,25.65,80.97,25.21,27.1,0.0,3.0
1721841302.7697246,07,25.72,82.26,19.55,26.92,0.0,3.0
1721841317.3441558,07,25.68,80.13,5.96,27.74,0.0,3.0
1721841345.9743602,07,25.82,80.57,18.08,27.56,0.0,2.99
1721841356.8813336,07,31.54,99.99,19.15,26.92,0.0,2.94
1721841375.1066077,07,27.4,99.99,21.4,26.83,0.0,2.94
1721844454.7158282,07,24.99,83.85,18.27,29.11,0.0,3.01
1721844479.916835,07,25.07,86.12,18.67,27.83,0.0,3.01
1721844490.095427,07,25.27,91.28,0.39,27.38,0.0,2.99
1721844506.7455597,07,25.69,83.3,0.19,26.92,0.0,3.01
1721844519.7651744,07,29.97,99.99,16.52,26.65,0.0,3.01
1721844537.691589,07,26.58,99.99,8.99,26.38,0.0,2.99
1721844556.9130614,07,26.15,95.24,11.43,27.19,0.0,2.99
